Clave,Nombre,Etiqueta,Numero_instituciones,Preferencia,Año
A3,UEMSTAyCM CBTA,01_2019,636,01,2019
B0,Bachilleres,01_2019,8477,01,2019
C1,CONALEP,01_2019,6088,01,2019
D4,UEMSTIS,01_2019,14553,01,2019
G2,Dirección General del Bachillerato,01_2019,630,01,2019
I5,IPN,01_2019,42121,01,2019
M9,UAEM,01_2019,1154,01,2019
NO,Desconocido,01_2019,0,01,2019
S0,SE - COBAEM,01_2019,3610,01,2019
S1,SE - CONALEP ESTADO DE MÉXICO,01_2019,8521,01,2019
S2,SE - TELEBACHILLERATO,01_2019,474,01,2019
S4,SE - CBT,01_2019,11037,01,2019
S5,SE - CECYTEM,01_2019,8077,01,2019
S7,SE - P.O. (1),01_2019,17466,01,2019
S8,SE - P.O. (2),01_2019,11955,01,2019
T3,UEMSTAyCM CMM,01_2019,74,01,2019
U6,UNAM,01_2019,175286,01,2019
A3,UEMSTAyCM CBTA,02_2019,570,02,2019
B0,Bachilleres,02_2019,12161,02,2019
C1,CONALEP,02_2019,7461,02,2019
D4,UEMSTIS,02_2019,16998,02,2019
G2,Dirección General del Bachillerato,02_2019,615,02,2019
I5,IPN,02_2019,40670,02,2019
M9,UAEM,02_2019,961,02,2019
NO,Desconocido,02_2019,756,02,2019
S0,SE - COBAEM,02_2019,3744,02,2019
S1,SE - CONALEP ESTADO DE MÉXICO,02_2019,9476,02,2019
S2,SE - TELEBACHILLERATO,02_2019,422,02,2019
S4,SE - CBT,02_2019,13139,02,2019
S5,SE - CECYTEM,02_2019,9633,02,2019
S7,SE - P.O. (1),02_2019,20287,02,2019
S8,SE - P.O. (2),02_2019,14139,02,2019
T3,UEMSTAyCM CMM,02_2019,87,02,2019
U6,UNAM,02_2019,159040,02,2019
A3,UEMSTAyCM CBTA,03_2019,708,03,2019
B0,Bachilleres,03_2019,17804,03,2019
C1,CONALEP,03_2019,8645,03,2019
D4,UEMSTIS,03_2019,20520,03,2019
G2,Dirección General del Bachillerato,03_2019,772,03,2019
I5,IPN,03_2019,45460,03,2019
M9,UAEM,03_2019,952,03,2019
NO,Desconocido,03_2019,2661,03,2019
S0,SE - COBAEM,03_2019,4041,03,2019
S1,SE - CONALEP ESTADO DE MÉXICO,03_2019,10347,03,2019
S2,SE - TELEBACHILLERATO,03_2019,601,03,2019
S4,SE - CBT,03_2019,14187,03,2019
S5,SE - CECYTEM,03_2019,10246,03,2019
S7,SE - P.O. (1),03_2019,23034,03,2019
S8,SE - P.O. (2),03_2019,15935,03,2019
T3,UEMSTAyCM CMM,03_2019,148,03,2019
U6,UNAM,03_2019,134098,03,2019
A3,UEMSTAyCM CBTA,04_2019,832,04,2019
B0,Bachilleres,04_2019,23496,04,2019
C1,CONALEP,04_2019,9987,04,2019
D4,UEMSTIS,04_2019,23554,04,2019
G2,Dirección General del Bachillerato,04_2019,1083,04,2019
I5,IPN,04_2019,50989,04,2019
M9,UAEM,04_2019,708,04,2019
NO,Desconocido,04_2019,10429,04,2019
S0,SE - COBAEM,04_2019,4422,04,2019
S1,SE - CONALEP ESTADO DE MÉXICO,04_2019,10834,04,2019
S2,SE - TELEBACHILLERATO,04_2019,788,04,2019
S4,SE - CBT,04_2019,14441,04,2019
S5,SE - CECYTEM,04_2019,10260,04,2019
S7,SE - P.O. (1),04_2019,24748,04,2019
S8,SE - P.O. (2),04_2019,16846,04,2019
T3,UEMSTAyCM CMM,04_2019,185,04,2019
U6,UNAM,04_2019,106557,04,2019
A3,UEMSTAyCM CBTA,05_2019,811,05,2019
B0,Bachilleres,05_2019,29405,05,2019
C1,CONALEP,05_2019,11455,05,2019
D4,UEMSTIS,05_2019,26132,05,2019
G2,Dirección General del Bachillerato,05_2019,1335,05,2019
I5,IPN,05_2019,54751,05,2019
M9,UAEM,05_2019,550,05,2019
NO,Desconocido,05_2019,24487,05,2019
S0,SE - COBAEM,05_2019,4586,05,2019
S1,SE - CONALEP ESTADO DE MÉXICO,05_2019,11149,05,2019
S2,SE - TELEBACHILLERATO,05_2019,960,05,2019
S4,SE - CBT,05_2019,13713,05,2019
S5,SE - CECYTEM,05_2019,9717,05,2019
S7,SE - P.O. (1),05_2019,24641,05,2019
S8,SE - P.O. (2),05_2019,17493,05,2019
T3,UEMSTAyCM CMM,05_2019,201,05,2019
U6,UNAM,05_2019,78773,05,2019
A3,UEMSTAyCM CBTA,06_2019,771,06,2019
B0,Bachilleres,06_2019,33023,06,2019
C1,CONALEP,06_2019,12780,06,2019
D4,UEMSTIS,06_2019,27349,06,2019
G2,Dirección General del Bachillerato,06_2019,1471,06,2019
I5,IPN,06_2019,51227,06,2019
M9,UAEM,06_2019,394,06,2019
NO,Desconocido,06_2019,52480,06,2019
S0,SE - COBAEM,06_2019,4033,06,2019
S1,SE - CONALEP ESTADO DE MÉXICO,06_2019,10361,06,2019
S2,SE - TELEBACHILLERATO,06_2019,924,06,2019
S4,SE - CBT,06_2019,11734,06,2019
S5,SE - CECYTEM,06_2019,8504,06,2019
S7,SE - P.O. (1),06_2019,21518,06,2019
S8,SE - P.O. (2),06_2019,16046,06,2019
T3,UEMSTAyCM CMM,06_2019,187,06,2019
U6,UNAM,06_2019,57357,06,2019
A3,UEMSTAyCM CBTA,07_2019,676,07,2019
B0,Bachilleres,07_2019,34190,07,2019
C1,CONALEP,07_2019,13895,07,2019
D4,UEMSTIS,07_2019,28655,07,2019
G2,Dirección General del Bachillerato,07_2019,1466,07,2019
I5,IPN,07_2019,44953,07,2019
M9,UAEM,07_2019,322,07,2019
NO,Desconocido,07_2019,78434,07,2019
S0,SE - COBAEM,07_2019,3650,07,2019
S1,SE - CONALEP ESTADO DE MÉXICO,07_2019,9399,07,2019
S2,SE - TELEBACHILLERATO,07_2019,882,07,2019
S4,SE - CBT,07_2019,10030,07,2019
S5,SE - CECYTEM,07_2019,7448,07,2019
S7,SE - P.O. (1),07_2019,18883,07,2019
S8,SE - P.O. (2),07_2019,14983,07,2019
T3,UEMSTAyCM CMM,07_2019,223,07,2019
U6,UNAM,07_2019,42070,07,2019
A3,UEMSTAyCM CBTA,08_2019,693,08,2019
B0,Bachilleres,08_2019,33280,08,2019
C1,CONALEP,08_2019,14773,08,2019
D4,UEMSTIS,08_2019,28566,08,2019
G2,Dirección General del Bachillerato,08_2019,1314,08,2019
I5,IPN,08_2019,37674,08,2019
M9,UAEM,08_2019,286,08,2019
NO,Desconocido,08_2019,103976,08,2019
S0,SE - COBAEM,08_2019,3211,08,2019
S1,SE - CONALEP ESTADO DE MÉXICO,08_2019,8757,08,2019
S2,SE - TELEBACHILLERATO,08_2019,863,08,2019
S4,SE - CBT,08_2019,8637,08,2019
S5,SE - CECYTEM,08_2019,6490,08,2019
S7,SE - P.O. (1),08_2019,16467,08,2019
S8,SE - P.O. (2),08_2019,13430,08,2019
T3,UEMSTAyCM CMM,08_2019,234,08,2019
U6,UNAM,08_2019,31508,08,2019
A3,UEMSTAyCM CBTA,09_2019,629,09,2019
B0,Bachilleres,09_2019,30746,09,2019
C1,CONALEP,09_2019,15595,09,2019
D4,UEMSTIS,09_2019,27506,09,2019
G2,Dirección General del Bachillerato,09_2019,1217,09,2019
I5,IPN,09_2019,30382,09,2019
M9,UAEM,09_2019,191,09,2019
NO,Desconocido,09_2019,128173,09,2019
S0,SE - COBAEM,09_2019,2857,09,2019
S1,SE - CONALEP ESTADO DE MÉXICO,09_2019,8025,09,2019
S2,SE - TELEBACHILLERATO,09_2019,883,09,2019
S4,SE - CBT,09_2019,7547,09,2019
S5,SE - CECYTEM,09_2019,5433,09,2019
S7,SE - P.O. (1),09_2019,14349,09,2019
S8,SE - P.O. (2),09_2019,12031,09,2019
T3,UEMSTAyCM CMM,09_2019,273,09,2019
U6,UNAM,09_2019,24322,09,2019
A3,UEMSTAyCM CBTA,10_2019,683,10,2019
B0,Bachilleres,10_2019,27303,10,2019
C1,CONALEP,10_2019,16010,10,2019
D4,UEMSTIS,10_2019,26085,10,2019
G2,Dirección General del Bachillerato,10_2019,1077,10,2019
I5,IPN,10_2019,24521,10,2019
M9,UAEM,10_2019,178,10,2019
NO,Desconocido,10_2019,149155,10,2019
S0,SE - COBAEM,10_2019,2626,10,2019
S1,SE - CONALEP ESTADO DE MÉXICO,10_2019,7688,10,2019
S2,SE - TELEBACHILLERATO,10_2019,901,10,2019
S4,SE - CBT,10_2019,6396,10,2019
S5,SE - CECYTEM,10_2019,4783,10,2019
S7,SE - P.O. (1),10_2019,12340,10,2019
S8,SE - P.O. (2),10_2019,10974,10,2019
T3,UEMSTAyCM CMM,10_2019,310,10,2019
U6,UNAM,10_2019,19129,10,2019
A3,UEMSTAyCM CBTA,11_2019,441,11,2019
B0,Bachilleres,11_2019,20328,11,2019
C1,CONALEP,11_2019,12446,11,2019
D4,UEMSTIS,11_2019,19535,11,2019
G2,Dirección General del Bachillerato,11_2019,805,11,2019
I5,IPN,11_2019,17172,11,2019
M9,UAEM,11_2019,117,11,2019
NO,Desconocido,11_2019,201168,11,2019
S0,SE - COBAEM,11_2019,1436,11,2019
S1,SE - CONALEP ESTADO DE MÉXICO,11_2019,4261,11,2019
S2,SE - TELEBACHILLERATO,11_2019,442,11,2019
S4,SE - CBT,11_2019,3532,11,2019
S5,SE - CECYTEM,11_2019,2678,11,2019
S7,SE - P.O. (1),11_2019,6585,11,2019
S8,SE - P.O. (2),11_2019,6397,11,2019
T3,UEMSTAyCM CMM,11_2019,205,11,2019
U6,UNAM,11_2019,12611,11,2019
A3,UEMSTAyCM CBTA,12_2019,369,12,2019
B0,Bachilleres,12_2019,15960,12,2019
C1,CONALEP,12_2019,10480,12,2019
D4,UEMSTIS,12_2019,16413,12,2019
G2,Dirección General del Bachillerato,12_2019,619,12,2019
I5,IPN,12_2019,12879,12,2019
M9,UAEM,12_2019,75,12,2019
NO,Desconocido,12_2019,225424,12,2019
S0,SE - COBAEM,12_2019,1071,12,2019
S1,SE - CONALEP ESTADO DE MÉXICO,12_2019,3001,12,2019
S2,SE - TELEBACHILLERATO,12_2019,319,12,2019
S4,SE - CBT,12_2019,2583,12,2019
S5,SE - CECYTEM,12_2019,1998,12,2019
S7,SE - P.O. (1),12_2019,4619,12,2019
S8,SE - P.O. (2),12_2019,4774,12,2019
T3,UEMSTAyCM CMM,12_2019,199,12,2019
U6,UNAM,12_2019,9376,12,2019
A3,UEMSTAyCM CBTA,13_2019,272,13,2019
B0,Bachilleres,13_2019,12707,13,2019
C1,CONALEP,13_2019,8991,13,2019
D4,UEMSTIS,13_2019,13558,13,2019
G2,Dirección General del Bachillerato,13_2019,500,13,2019
I5,IPN,13_2019,9853,13,2019
M9,UAEM,13_2019,57,13,2019
NO,Desconocido,13_2019,243194,13,2019
S0,SE - COBAEM,13_2019,801,13,2019
S1,SE - CONALEP ESTADO DE MÉXICO,13_2019,2419,13,2019
S2,SE - TELEBACHILLERATO,13_2019,239,13,2019
S4,SE - CBT,13_2019,1979,13,2019
S5,SE - CECYTEM,13_2019,1434,13,2019
S7,SE - P.O. (1),13_2019,3459,13,2019
S8,SE - P.O. (2),13_2019,3629,13,2019
T3,UEMSTAyCM CMM,13_2019,188,13,2019
U6,UNAM,13_2019,6879,13,2019
A3,UEMSTAyCM CBTA,14_2019,254,14,2019
B0,Bachilleres,14_2019,10391,14,2019
C1,CONALEP,14_2019,7918,14,2019
D4,UEMSTIS,14_2019,11547,14,2019
G2,Dirección General del Bachillerato,14_2019,374,14,2019
I5,IPN,14_2019,7856,14,2019
M9,UAEM,14_2019,46,14,2019
NO,Desconocido,14_2019,255313,14,2019
S0,SE - COBAEM,14_2019,634,14,2019
S1,SE - CONALEP ESTADO DE MÉXICO,14_2019,1969,14,2019
S2,SE - TELEBACHILLERATO,14_2019,193,14,2019
S4,SE - CBT,14_2019,1564,14,2019
S5,SE - CECYTEM,14_2019,1146,14,2019
S7,SE - P.O. (1),14_2019,2704,14,2019
S8,SE - P.O. (2),14_2019,2969,14,2019
T3,UEMSTAyCM CMM,14_2019,175,14,2019
U6,UNAM,14_2019,5106,14,2019
A3,UEMSTAyCM CBTA,15_2019,216,15,2019
B0,Bachilleres,15_2019,8443,15,2019
C1,CONALEP,15_2019,7076,15,2019
D4,UEMSTIS,15_2019,9965,15,2019
G2,Dirección General del Bachillerato,15_2019,334,15,2019
I5,IPN,15_2019,6388,15,2019
M9,UAEM,15_2019,46,15,2019
NO,Desconocido,15_2019,264576,15,2019
S0,SE - COBAEM,15_2019,584,15,2019
S1,SE - CONALEP ESTADO DE MÉXICO,15_2019,1676,15,2019
S2,SE - TELEBACHILLERATO,15_2019,162,15,2019
S4,SE - CBT,15_2019,1314,15,2019
S5,SE - CECYTEM,15_2019,984,15,2019
S7,SE - P.O. (1),15_2019,2274,15,2019
S8,SE - P.O. (2),15_2019,2548,15,2019
T3,UEMSTAyCM CMM,15_2019,139,15,2019
U6,UNAM,15_2019,3434,15,2019
A3,UEMSTAyCM CBTA,16_2019,176,16,2019
B0,Bachilleres,16_2019,6137,16,2019
C1,CONALEP,16_2019,5534,16,2019
D4,UEMSTIS,16_2019,7835,16,2019
G2,Dirección General del Bachillerato,16_2019,282,16,2019
I5,IPN,16_2019,4692,16,2019
M9,UAEM,16_2019,29,16,2019
NO,Desconocido,16_2019,276080,16,2019
S0,SE - COBAEM,16_2019,373,16,2019
S1,SE - CONALEP ESTADO DE MÉXICO,16_2019,1174,16,2019
S2,SE - TELEBACHILLERATO,16_2019,129,16,2019
S4,SE - CBT,16_2019,954,16,2019
S5,SE - CECYTEM,16_2019,708,16,2019
S7,SE - P.O. (1),16_2019,1621,16,2019
S8,SE - P.O. (2),16_2019,1857,16,2019
T3,UEMSTAyCM CMM,16_2019,131,16,2019
U6,UNAM,16_2019,2447,16,2019
A3,UEMSTAyCM CBTA,17_2019,123,17,2019
B0,Bachilleres,17_2019,4975,17,2019
C1,CONALEP,17_2019,4892,17,2019
D4,UEMSTIS,17_2019,6473,17,2019
G2,Dirección General del Bachillerato,17_2019,218,17,2019
I5,IPN,17_2019,3550,17,2019
M9,UAEM,17_2019,18,17,2019
NO,Desconocido,17_2019,282072,17,2019
S0,SE - COBAEM,17_2019,336,17,2019
S1,SE - CONALEP ESTADO DE MÉXICO,17_2019,1025,17,2019
S2,SE - TELEBACHILLERATO,17_2019,116,17,2019
S4,SE - CBT,17_2019,799,17,2019
S5,SE - CECYTEM,17_2019,544,17,2019
S7,SE - P.O. (1),17_2019,1368,17,2019
S8,SE - P.O. (2),17_2019,1526,17,2019
T3,UEMSTAyCM CMM,17_2019,126,17,2019
U6,UNAM,17_2019,1998,17,2019
A3,UEMSTAyCM CBTA,18_2019,128,18,2019
B0,Bachilleres,18_2019,4097,18,2019
C1,CONALEP,18_2019,4376,18,2019
D4,UEMSTIS,18_2019,5357,18,2019
G2,Dirección General del Bachillerato,18_2019,170,18,2019
I5,IPN,18_2019,2816,18,2019
M9,UAEM,18_2019,14,18,2019
NO,Desconocido,18_2019,286486,18,2019
S0,SE - COBAEM,18_2019,265,18,2019
S1,SE - CONALEP ESTADO DE MÉXICO,18_2019,858,18,2019
S2,SE - TELEBACHILLERATO,18_2019,104,18,2019
S4,SE - CBT,18_2019,677,18,2019
S5,SE - CECYTEM,18_2019,474,18,2019
S7,SE - P.O. (1),18_2019,1199,18,2019
S8,SE - P.O. (2),18_2019,1374,18,2019
T3,UEMSTAyCM CMM,18_2019,92,18,2019
U6,UNAM,18_2019,1672,18,2019
A3,UEMSTAyCM CBTA,19_2019,112,19,2019
B0,Bachilleres,19_2019,3342,19,2019
C1,CONALEP,19_2019,4034,19,2019
D4,UEMSTIS,19_2019,4499,19,2019
G2,Dirección General del Bachillerato,19_2019,139,19,2019
I5,IPN,19_2019,2227,19,2019
M9,UAEM,19_2019,16,19,2019
NO,Desconocido,19_2019,289893,19,2019
S0,SE - COBAEM,19_2019,250,19,2019
S1,SE - CONALEP ESTADO DE MÉXICO,19_2019,776,19,2019
S2,SE - TELEBACHILLERATO,19_2019,84,19,2019
S4,SE - CBT,19_2019,568,19,2019
S5,SE - CECYTEM,19_2019,426,19,2019
S7,SE - P.O. (1),19_2019,1015,19,2019
S8,SE - P.O. (2),19_2019,1247,19,2019
T3,UEMSTAyCM CMM,19_2019,90,19,2019
U6,UNAM,19_2019,1441,19,2019
A3,UEMSTAyCM CBTA,20_2019,120,20,2019
B0,Bachilleres,20_2019,2806,20,2019
C1,CONALEP,20_2019,3725,20,2019
D4,UEMSTIS,20_2019,3721,20,2019
G2,Dirección General del Bachillerato,20_2019,145,20,2019
I5,IPN,20_2019,1775,20,2019
M9,UAEM,20_2019,28,20,2019
NO,Desconocido,20_2019,292475,20,2019
S0,SE - COBAEM,20_2019,250,20,2019
S1,SE - CONALEP ESTADO DE MÉXICO,20_2019,718,20,2019
S2,SE - TELEBACHILLERATO,20_2019,107,20,2019
S4,SE - CBT,20_2019,472,20,2019
S5,SE - CECYTEM,20_2019,372,20,2019
S7,SE - P.O. (1),20_2019,890,20,2019
S8,SE - P.O. (2),20_2019,1106,20,2019
T3,UEMSTAyCM CMM,20_2019,119,20,2019
U6,UNAM,20_2019,1330,20,2019
A3,UEMSTAyCM CBTA,01_2020,558,01,2020
B0,Bachilleres,01_2020,8298,01,2020
C1,CONALEP,01_2020,6104,01,2020
D4,UEMSTIS,01_2020,14527,01,2020
G2,Dirección General del Bachillerato,01_2020,604,01,2020
I5,IPN,01_2020,43575,01,2020
M9,UAEM,01_2020,1156,01,2020
NO,Desconocido,01_2020,0,01,2020
S0,SE - COBAEM,01_2020,3684,01,2020
S1,SE - CONALEP ESTADO DE MÉXICO,01_2020,9069,01,2020
S2,SE - TELEBACHILLERATO,01_2020,562,01,2020
S4,SE - CBT,01_2020,11028,01,2020
S5,SE - CECYTEM,01_2020,8292,01,2020
S7,SE - P.O. (1),01_2020,17717,01,2020
S8,SE - P.O. (2),01_2020,12493,01,2020
T3,UEMSTAyCM CMM,01_2020,101,01,2020
U6,UNAM,01_2020,164941,01,2020
A3,UEMSTAyCM CBTA,02_2020,528,02,2020
B0,Bachilleres,02_2020,12212,02,2020
C1,CONALEP,02_2020,7815,02,2020
D4,UEMSTIS,02_2020,17146,02,2020
G2,Dirección General del Bachillerato,02_2020,544,02,2020
I5,IPN,02_2020,41940,02,2020
M9,UAEM,02_2020,934,02,2020
NO,Desconocido,02_2020,786,02,2020
S0,SE - COBAEM,02_2020,3864,02,2020
S1,SE - CONALEP ESTADO DE MÉXICO,02_2020,10350,02,2020
S2,SE - TELEBACHILLERATO,02_2020,480,02,2020
S4,SE - CBT,02_2020,13301,02,2020
S5,SE - CECYTEM,02_2020,9784,02,2020
S7,SE - P.O. (1),02_2020,19961,02,2020
S8,SE - P.O. (2),02_2020,14443,02,2020
T3,UEMSTAyCM CMM,02_2020,92,02,2020
U6,UNAM,02_2020,148529,02,2020
A3,UEMSTAyCM CBTA,03_2020,698,03,2020
B0,Bachilleres,03_2020,17809,03,2020
C1,CONALEP,03_2020,9062,03,2020
D4,UEMSTIS,03_2020,19909,03,2020
G2,Dirección General del Bachillerato,03_2020,769,03,2020
I5,IPN,03_2020,45911,03,2020
M9,UAEM,03_2020,904,03,2020
NO,Desconocido,03_2020,2866,03,2020
S0,SE - COBAEM,03_2020,4232,03,2020
S1,SE - CONALEP ESTADO DE MÉXICO,03_2020,10938,03,2020
S2,SE - TELEBACHILLERATO,03_2020,713,03,2020
S4,SE - CBT,03_2020,14501,03,2020
S5,SE - CECYTEM,03_2020,10166,03,2020
S7,SE - P.O. (1),03_2020,22752,03,2020
S8,SE - P.O. (2),03_2020,16314,03,2020
T3,UEMSTAyCM CMM,03_2020,136,03,2020
U6,UNAM,03_2020,125029,03,2020
A3,UEMSTAyCM CBTA,04_2020,755,04,2020
B0,Bachilleres,04_2020,23617,04,2020
C1,CONALEP,04_2020,10206,04,2020
D4,UEMSTIS,04_2020,23103,04,2020
G2,Dirección General del Bachillerato,04_2020,1055,04,2020
I5,IPN,04_2020,51254,04,2020
M9,UAEM,04_2020,684,04,2020
NO,Desconocido,04_2020,11325,04,2020
S0,SE - COBAEM,04_2020,4674,04,2020
S1,SE - CONALEP ESTADO DE MÉXICO,04_2020,11536,04,2020
S2,SE - TELEBACHILLERATO,04_2020,855,04,2020
S4,SE - CBT,04_2020,14322,04,2020
S5,SE - CECYTEM,04_2020,10131,04,2020
S7,SE - P.O. (1),04_2020,23952,04,2020
S8,SE - P.O. (2),04_2020,17054,04,2020
T3,UEMSTAyCM CMM,04_2020,160,04,2020
U6,UNAM,04_2020,98026,04,2020
A3,UEMSTAyCM CBTA,05_2020,801,05,2020
B0,Bachilleres,05_2020,28853,05,2020
C1,CONALEP,05_2020,11945,05,2020
D4,UEMSTIS,05_2020,25494,05,2020
G2,Dirección General del Bachillerato,05_2020,1365,05,2020
I5,IPN,05_2020,54115,05,2020
M9,UAEM,05_2020,486,05,2020
NO,Desconocido,05_2020,26135,05,2020
S0,SE - COBAEM,05_2020,4667,05,2020
S1,SE - CONALEP ESTADO DE MÉXICO,05_2020,11728,05,2020
S2,SE - TELEBACHILLERATO,05_2020,1086,05,2020
S4,SE - CBT,05_2020,13468,05,2020
S5,SE - CECYTEM,05_2020,9902,05,2020
S7,SE - P.O. (1),05_2020,23360,05,2020
S8,SE - P.O. (2),05_2020,17596,05,2020
T3,UEMSTAyCM CMM,05_2020,184,05,2020
U6,UNAM,05_2020,71524,05,2020
A3,UEMSTAyCM CBTA,06_2020,748,06,2020
B0,Bachilleres,06_2020,32437,06,2020
C1,CONALEP,06_2020,13230,06,2020
D4,UEMSTIS,06_2020,27003,06,2020
G2,Dirección General del Bachillerato,06_2020,1392,06,2020
I5,IPN,06_2020,49890,06,2020
M9,UAEM,06_2020,386,06,2020
NO,Desconocido,06_2020,54690,06,2020
S0,SE - COBAEM,06_2020,3904,06,2020
S1,SE - CONALEP ESTADO DE MÉXICO,06_2020,10519,06,2020
S2,SE - TELEBACHILLERATO,06_2020,987,06,2020
S4,SE - CBT,06_2020,11448,06,2020
S5,SE - CECYTEM,06_2020,8262,06,2020
S7,SE - P.O. (1),06_2020,20394,06,2020
S8,SE - P.O. (2),06_2020,15966,06,2020
T3,UEMSTAyCM CMM,06_2020,206,06,2020
U6,UNAM,06_2020,51247,06,2020
A3,UEMSTAyCM CBTA,07_2020,756,07,2020
B0,Bachilleres,07_2020,33024,07,2020
C1,CONALEP,07_2020,14358,07,2020
D4,UEMSTIS,07_2020,27770,07,2020
G2,Dirección General del Bachillerato,07_2020,1464,07,2020
I5,IPN,07_2020,43186,07,2020
M9,UAEM,07_2020,302,07,2020
NO,Desconocido,07_2020,81251,07,2020
S0,SE - COBAEM,07_2020,3310,07,2020
S1,SE - CONALEP ESTADO DE MÉXICO,07_2020,9611,07,2020
S2,SE - TELEBACHILLERATO,07_2020,976,07,2020
S4,SE - CBT,07_2020,9553,07,2020
S5,SE - CECYTEM,07_2020,7098,07,2020
S7,SE - P.O. (1),07_2020,17769,07,2020
S8,SE - P.O. (2),07_2020,14510,07,2020
T3,UEMSTAyCM CMM,07_2020,221,07,2020
U6,UNAM,07_2020,37550,07,2020
A3,UEMSTAyCM CBTA,08_2020,625,08,2020
B0,Bachilleres,08_2020,31741,08,2020
C1,CONALEP,08_2020,15263,08,2020
D4,UEMSTIS,08_2020,27563,08,2020
G2,Dirección General del Bachillerato,08_2020,1259,08,2020
I5,IPN,08_2020,36034,08,2020
M9,UAEM,08_2020,236,08,2020
NO,Desconocido,08_2020,106606,08,2020
S0,SE - COBAEM,08_2020,3020,08,2020
S1,SE - CONALEP ESTADO DE MÉXICO,08_2020,8572,08,2020
S2,SE - TELEBACHILLERATO,08_2020,925,08,2020
S4,SE - CBT,08_2020,8336,08,2020
S5,SE - CECYTEM,08_2020,6086,08,2020
S7,SE - P.O. (1),08_2020,15304,08,2020
S8,SE - P.O. (2),08_2020,12913,08,2020
T3,UEMSTAyCM CMM,08_2020,231,08,2020
U6,UNAM,08_2020,27995,08,2020
A3,UEMSTAyCM CBTA,09_2020,659,09,2020
B0,Bachilleres,09_2020,28859,09,2020
C1,CONALEP,09_2020,16028,09,2020
D4,UEMSTIS,09_2020,26637,09,2020
G2,Dirección General del Bachillerato,09_2020,1168,09,2020
I5,IPN,09_2020,29045,09,2020
M9,UAEM,09_2020,173,09,2020
NO,Desconocido,09_2020,130230,09,2020
S0,SE - COBAEM,09_2020,2750,09,2020
S1,SE - CONALEP ESTADO DE MÉXICO,09_2020,7840,09,2020
S2,SE - TELEBACHILLERATO,09_2020,866,09,2020
S4,SE - CBT,09_2020,7004,09,2020
S5,SE - CECYTEM,09_2020,5182,09,2020
S7,SE - P.O. (1),09_2020,13119,09,2020
S8,SE - P.O. (2),09_2020,11523,09,2020
T3,UEMSTAyCM CMM,09_2020,246,09,2020
U6,UNAM,09_2020,21380,09,2020
A3,UEMSTAyCM CBTA,10_2020,663,10,2020
B0,Bachilleres,10_2020,25713,10,2020
C1,CONALEP,10_2020,16294,10,2020
D4,UEMSTIS,10_2020,25029,10,2020
G2,Dirección General del Bachillerato,10_2020,972,10,2020
I5,IPN,10_2020,23273,10,2020
M9,UAEM,10_2020,134,10,2020
NO,Desconocido,10_2020,150800,10,2020
S0,SE - COBAEM,10_2020,2467,10,2020
S1,SE - CONALEP ESTADO DE MÉXICO,10_2020,7222,10,2020
S2,SE - TELEBACHILLERATO,10_2020,912,10,2020
S4,SE - CBT,10_2020,5875,10,2020
S5,SE - CECYTEM,10_2020,4440,10,2020
S7,SE - P.O. (1),10_2020,11174,10,2020
S8,SE - P.O. (2),10_2020,10376,10,2020
T3,UEMSTAyCM CMM,10_2020,247,10,2020
U6,UNAM,10_2020,17118,10,2020
A3,UEMSTAyCM CBTA,11_2020,426,11,2020
B0,Bachilleres,11_2020,19217,11,2020
C1,CONALEP,11_2020,12473,11,2020
D4,UEMSTIS,11_2020,18911,11,2020
G2,Dirección General del Bachillerato,11_2020,762,11,2020
I5,IPN,11_2020,16165,11,2020
M9,UAEM,11_2020,87,11,2020
NO,Desconocido,11_2020,199900,11,2020
S0,SE - COBAEM,11_2020,1354,11,2020
S1,SE - CONALEP ESTADO DE MÉXICO,11_2020,4120,11,2020
S2,SE - TELEBACHILLERATO,11_2020,438,11,2020
S4,SE - CBT,11_2020,3309,11,2020
S5,SE - CECYTEM,11_2020,2439,11,2020
S7,SE - P.O. (1),11_2020,5745,11,2020
S8,SE - P.O. (2),11_2020,6057,11,2020
T3,UEMSTAyCM CMM,11_2020,205,11,2020
U6,UNAM,11_2020,11101,11,2020
A3,UEMSTAyCM CBTA,12_2020,361,12,2020
B0,Bachilleres,12_2020,15381,12,2020
C1,CONALEP,12_2020,10632,12,2020
D4,UEMSTIS,12_2020,15708,12,2020
G2,Dirección General del Bachillerato,12_2020,531,12,2020
I5,IPN,12_2020,12064,12,2020
M9,UAEM,12_2020,66,12,2020
NO,Desconocido,12_2020,222511,12,2020
S0,SE - COBAEM,12_2020,986,12,2020
S1,SE - CONALEP ESTADO DE MÉXICO,12_2020,3041,12,2020
S2,SE - TELEBACHILLERATO,12_2020,328,12,2020
S4,SE - CBT,12_2020,2386,12,2020
S5,SE - CECYTEM,12_2020,1706,12,2020
S7,SE - P.O. (1),12_2020,4060,12,2020
S8,SE - P.O. (2),12_2020,4543,12,2020
T3,UEMSTAyCM CMM,12_2020,180,12,2020
U6,UNAM,12_2020,8225,12,2020
A3,UEMSTAyCM CBTA,13_2020,291,13,2020
B0,Bachilleres,13_2020,12142,13,2020
C1,CONALEP,13_2020,8951,13,2020
D4,UEMSTIS,13_2020,13243,13,2020
G2,Dirección General del Bachillerato,13_2020,508,13,2020
I5,IPN,13_2020,9204,13,2020
M9,UAEM,13_2020,38,13,2020
NO,Desconocido,13_2020,239178,13,2020
S0,SE - COBAEM,13_2020,737,13,2020
S1,SE - CONALEP ESTADO DE MÉXICO,13_2020,2321,13,2020
S2,SE - TELEBACHILLERATO,13_2020,238,13,2020
S4,SE - CBT,13_2020,1845,13,2020
S5,SE - CECYTEM,13_2020,1310,13,2020
S7,SE - P.O. (1),13_2020,2974,13,2020
S8,SE - P.O. (2),13_2020,3451,13,2020
T3,UEMSTAyCM CMM,13_2020,163,13,2020
U6,UNAM,13_2020,6115,13,2020
A3,UEMSTAyCM CBTA,14_2020,227,14,2020
B0,Bachilleres,14_2020,9563,14,2020
C1,CONALEP,14_2020,7988,14,2020
D4,UEMSTIS,14_2020,11448,14,2020
G2,Dirección General del Bachillerato,14_2020,376,14,2020
I5,IPN,14_2020,7389,14,2020
M9,UAEM,14_2020,41,14,2020
NO,Desconocido,14_2020,250595,14,2020
S0,SE - COBAEM,14_2020,621,14,2020
S1,SE - CONALEP ESTADO DE MÉXICO,14_2020,1872,14,2020
S2,SE - TELEBACHILLERATO,14_2020,190,14,2020
S4,SE - CBT,14_2020,1496,14,2020
S5,SE - CECYTEM,14_2020,1050,14,2020
S7,SE - P.O. (1),14_2020,2387,14,2020
S8,SE - P.O. (2),14_2020,2918,14,2020
T3,UEMSTAyCM CMM,14_2020,160,14,2020
U6,UNAM,14_2020,4388,14,2020
A3,UEMSTAyCM CBTA,15_2020,215,15,2020
B0,Bachilleres,15_2020,7830,15,2020
C1,CONALEP,15_2020,6953,15,2020
D4,UEMSTIS,15_2020,9729,15,2020
G2,Dirección General del Bachillerato,15_2020,299,15,2020
I5,IPN,15_2020,5902,15,2020
M9,UAEM,15_2020,29,15,2020
NO,Desconocido,15_2020,259574,15,2020
S0,SE - COBAEM,15_2020,513,15,2020
S1,SE - CONALEP ESTADO DE MÉXICO,15_2020,1667,15,2020
S2,SE - TELEBACHILLERATO,15_2020,204,15,2020
S4,SE - CBT,15_2020,1184,15,2020
S5,SE - CECYTEM,15_2020,865,15,2020
S7,SE - P.O. (1),15_2020,2019,15,2020
S8,SE - P.O. (2),15_2020,2490,15,2020
T3,UEMSTAyCM CMM,15_2020,147,15,2020
U6,UNAM,15_2020,3089,15,2020
A3,UEMSTAyCM CBTA,16_2020,180,16,2020
B0,Bachilleres,16_2020,5818,16,2020
C1,CONALEP,16_2020,5632,16,2020
D4,UEMSTIS,16_2020,7547,16,2020
G2,Dirección General del Bachillerato,16_2020,221,16,2020
I5,IPN,16_2020,4246,16,2020
M9,UAEM,16_2020,24,16,2020
NO,Desconocido,16_2020,270227,16,2020
S0,SE - COBAEM,16_2020,363,16,2020
S1,SE - CONALEP ESTADO DE MÉXICO,16_2020,1210,16,2020
S2,SE - TELEBACHILLERATO,16_2020,139,16,2020
S4,SE - CBT,16_2020,828,16,2020
S5,SE - CECYTEM,16_2020,631,16,2020
S7,SE - P.O. (1),16_2020,1425,16,2020
S8,SE - P.O. (2),16_2020,1800,16,2020
T3,UEMSTAyCM CMM,16_2020,128,16,2020
U6,UNAM,16_2020,2290,16,2020
A3,UEMSTAyCM CBTA,17_2020,137,17,2020
B0,Bachilleres,17_2020,4572,17,2020
C1,CONALEP,17_2020,4929,17,2020
D4,UEMSTIS,17_2020,6372,17,2020
G2,Dirección General del Bachillerato,17_2020,172,17,2020
I5,IPN,17_2020,3232,17,2020
M9,UAEM,17_2020,24,17,2020
NO,Desconocido,17_2020,275955,17,2020
S0,SE - COBAEM,17_2020,297,17,2020
S1,SE - CONALEP ESTADO DE MÉXICO,17_2020,1010,17,2020
S2,SE - TELEBACHILLERATO,17_2020,126,17,2020
S4,SE - CBT,17_2020,750,17,2020
S5,SE - CECYTEM,17_2020,502,17,2020
S7,SE - P.O. (1),17_2020,1145,17,2020
S8,SE - P.O. (2),17_2020,1508,17,2020
T3,UEMSTAyCM CMM,17_2020,102,17,2020
U6,UNAM,17_2020,1876,17,2020
A3,UEMSTAyCM CBTA,18_2020,83,18,2020
B0,Bachilleres,18_2020,3758,18,2020
C1,CONALEP,18_2020,4491,18,2020
D4,UEMSTIS,18_2020,5229,18,2020
G2,Dirección General del Bachillerato,18_2020,153,18,2020
I5,IPN,18_2020,2562,18,2020
M9,UAEM,18_2020,17,18,2020
NO,Desconocido,18_2020,280098,18,2020
S0,SE - COBAEM,18_2020,248,18,2020
S1,SE - CONALEP ESTADO DE MÉXICO,18_2020,853,18,2020
S2,SE - TELEBACHILLERATO,18_2020,116,18,2020
S4,SE - CBT,18_2020,614,18,2020
S5,SE - CECYTEM,18_2020,419,18,2020
S7,SE - P.O. (1),18_2020,1016,18,2020
S8,SE - P.O. (2),18_2020,1313,18,2020
T3,UEMSTAyCM CMM,18_2020,101,18,2020
U6,UNAM,18_2020,1638,18,2020
A3,UEMSTAyCM CBTA,19_2020,89,19,2020
B0,Bachilleres,19_2020,2960,19,2020
C1,CONALEP,19_2020,4159,19,2020
D4,UEMSTIS,19_2020,4372,19,2020
G2,Dirección General del Bachillerato,19_2020,124,19,2020
I5,IPN,19_2020,1952,19,2020
M9,UAEM,19_2020,12,19,2020
NO,Desconocido,19_2020,283434,19,2020
S0,SE - COBAEM,19_2020,243,19,2020
S1,SE - CONALEP ESTADO DE MÉXICO,19_2020,818,19,2020
S2,SE - TELEBACHILLERATO,19_2020,106,19,2020
S4,SE - CBT,19_2020,538,19,2020
S5,SE - CECYTEM,19_2020,409,19,2020
S7,SE - P.O. (1),19_2020,865,19,2020
S8,SE - P.O. (2),19_2020,1107,19,2020
T3,UEMSTAyCM CMM,19_2020,93,19,2020
U6,UNAM,19_2020,1428,19,2020
A3,UEMSTAyCM CBTA,20_2020,116,20,2020
B0,Bachilleres,20_2020,2450,20,2020
C1,CONALEP,20_2020,3747,20,2020
D4,UEMSTIS,20_2020,3575,20,2020
G2,Dirección General del Bachillerato,20_2020,114,20,2020
I5,IPN,20_2020,1584,20,2020
M9,UAEM,20_2020,16,20,2020
NO,Desconocido,20_2020,285991,20,2020
S0,SE - COBAEM,20_2020,221,20,2020
S1,SE - CONALEP ESTADO DE MÉXICO,20_2020,742,20,2020
S2,SE - TELEBACHILLERATO,20_2020,109,20,2020
S4,SE - CBT,20_2020,469,20,2020
S5,SE - CECYTEM,20_2020,319,20,2020
S7,SE - P.O. (1),20_2020,812,20,2020
S8,SE - P.O. (2),20_2020,1060,20,2020
T3,UEMSTAyCM CMM,20_2020,122,20,2020
U6,UNAM,20_2020,1262,20,2020
A3,UEMSTAyCM CBTA,01_2021,443,01,2021
B0,Bachilleres,01_2021,7084,01,2021
C1,CONALEP,01_2021,5248,01,2021
D4,UEMSTIS,01_2021,12776,01,2021
G2,Dirección General del Bachillerato,01_2021,492,01,2021
I5,IPN,01_2021,38646,01,2021
M9,UAEM,01_2021,1209,01,2021
NO,Desconocido,01_2021,0,01,2021
S0,SE - COBAEM,01_2021,3222,01,2021
S1,SE - CONALEP ESTADO DE MÉXICO,01_2021,7683,01,2021
S2,SE - TELEBACHILLERATO,01_2021,457,01,2021
S4,SE - CBT,01_2021,9466,01,2021
S5,SE - CECYTEM,01_2021,7554,01,2021
S7,SE - P.O. (1),01_2021,16404,01,2021
S8,SE - P.O. (2),01_2021,11640,01,2021
T3,UEMSTAyCM CMM,01_2021,53,01,2021
U6,UNAM,01_2021,152970,01,2021
A3,UEMSTAyCM CBTA,02_2021,432,02,2021
B0,Bachilleres,02_2021,10635,02,2021
C1,CONALEP,02_2021,6645,02,2021
D4,UEMSTIS,02_2021,14753,02,2021
G2,Dirección General del Bachillerato,02_2021,407,02,2021
I5,IPN,02_2021,37637,02,2021
M9,UAEM,02_2021,975,02,2021
NO,Desconocido,02_2021,781,02,2021
S0,SE - COBAEM,02_2021,3428,02,2021
S1,SE - CONALEP ESTADO DE MÉXICO,02_2021,8567,02,2021
S2,SE - TELEBACHILLERATO,02_2021,398,02,2021
S4,SE - CBT,02_2021,11432,02,2021
S5,SE - CECYTEM,02_2021,8724,02,2021
S7,SE - P.O. (1),02_2021,18787,02,2021
S8,SE - P.O. (2),02_2021,13120,02,2021
T3,UEMSTAyCM CMM,02_2021,63,02,2021
U6,UNAM,02_2021,138563,02,2021
A3,UEMSTAyCM CBTA,03_2021,527,03,2021
B0,Bachilleres,03_2021,15502,03,2021
C1,CONALEP,03_2021,7670,03,2021
D4,UEMSTIS,03_2021,17189,03,2021
G2,Dirección General del Bachillerato,03_2021,616,03,2021
I5,IPN,03_2021,40948,03,2021
M9,UAEM,03_2021,796,03,2021
NO,Desconocido,03_2021,3209,03,2021
S0,SE - COBAEM,03_2021,3854,03,2021
S1,SE - CONALEP ESTADO DE MÉXICO,03_2021,9502,03,2021
S2,SE - TELEBACHILLERATO,03_2021,579,03,2021
S4,SE - CBT,03_2021,12533,03,2021
S5,SE - CECYTEM,03_2021,8906,03,2021
S7,SE - P.O. (1),03_2021,20799,03,2021
S8,SE - P.O. (2),03_2021,14856,03,2021
T3,UEMSTAyCM CMM,03_2021,85,03,2021
U6,UNAM,03_2021,117776,03,2021
A3,UEMSTAyCM CBTA,04_2021,601,04,2021
B0,Bachilleres,04_2021,20384,04,2021
C1,CONALEP,04_2021,8711,04,2021
D4,UEMSTIS,04_2021,19629,04,2021
G2,Dirección General del Bachillerato,04_2021,857,04,2021
I5,IPN,04_2021,45938,04,2021
M9,UAEM,04_2021,588,04,2021
NO,Desconocido,04_2021,14117,04,2021
S0,SE - COBAEM,04_2021,3893,04,2021
S1,SE - CONALEP ESTADO DE MÉXICO,04_2021,9495,04,2021
S2,SE - TELEBACHILLERATO,04_2021,647,04,2021
S4,SE - CBT,04_2021,11995,04,2021
S5,SE - CECYTEM,04_2021,8604,04,2021
S7,SE - P.O. (1),04_2021,21147,04,2021
S8,SE - P.O. (2),04_2021,14996,04,2021
T3,UEMSTAyCM CMM,04_2021,118,04,2021
U6,UNAM,04_2021,93627,04,2021
A3,UEMSTAyCM CBTA,05_2021,569,05,2021
B0,Bachilleres,05_2021,25147,05,2021
C1,CONALEP,05_2021,9908,05,2021
D4,UEMSTIS,05_2021,21218,05,2021
G2,Dirección General del Bachillerato,05_2021,1063,05,2021
I5,IPN,05_2021,48904,05,2021
M9,UAEM,05_2021,431,05,2021
NO,Desconocido,05_2021,31315,05,2021
S0,SE - COBAEM,05_2021,3771,05,2021
S1,SE - CONALEP ESTADO DE MÉXICO,05_2021,9233,05,2021
S2,SE - TELEBACHILLERATO,05_2021,807,05,2021
S4,SE - CBT,05_2021,10856,05,2021
S5,SE - CECYTEM,05_2021,7841,05,2021
S7,SE - P.O. (1),05_2021,20138,05,2021
S8,SE - P.O. (2),05_2021,14739,05,2021
T3,UEMSTAyCM CMM,05_2021,151,05,2021
U6,UNAM,05_2021,69256,05,2021
A3,UEMSTAyCM CBTA,06_2021,565,06,2021
B0,Bachilleres,06_2021,27245,06,2021
C1,CONALEP,06_2021,10803,06,2021
D4,UEMSTIS,06_2021,21518,06,2021
G2,Dirección General del Bachillerato,06_2021,1160,06,2021
I5,IPN,06_2021,45273,06,2021
M9,UAEM,06_2021,337,06,2021
NO,Desconocido,06_2021,61667,06,2021
S0,SE - COBAEM,06_2021,3058,06,2021
S1,SE - CONALEP ESTADO DE MÉXICO,06_2021,8010,06,2021
S2,SE - TELEBACHILLERATO,06_2021,671,06,2021
S4,SE - CBT,06_2021,8590,06,2021
S5,SE - CECYTEM,06_2021,6613,06,2021
S7,SE - P.O. (1),06_2021,16281,06,2021
S8,SE - P.O. (2),06_2021,12835,06,2021
T3,UEMSTAyCM CMM,06_2021,146,06,2021
U6,UNAM,06_2021,50575,06,2021
A3,UEMSTAyCM CBTA,07_2021,486,07,2021
B0,Bachilleres,07_2021,27857,07,2021
C1,CONALEP,07_2021,11424,07,2021
D4,UEMSTIS,07_2021,21846,07,2021
G2,Dirección General del Bachillerato,07_2021,1122,07,2021
I5,IPN,07_2021,39576,07,2021
M9,UAEM,07_2021,242,07,2021
NO,Desconocido,07_2021,87977,07,2021
S0,SE - COBAEM,07_2021,2685,07,2021
S1,SE - CONALEP ESTADO DE MÉXICO,07_2021,7119,07,2021
S2,SE - TELEBACHILLERATO,07_2021,620,07,2021
S4,SE - CBT,07_2021,7175,07,2021
S5,SE - CECYTEM,07_2021,5508,07,2021
S7,SE - P.O. (1),07_2021,13579,07,2021
S8,SE - P.O. (2),07_2021,11153,07,2021
T3,UEMSTAyCM CMM,07_2021,128,07,2021
U6,UNAM,07_2021,36850,07,2021
A3,UEMSTAyCM CBTA,08_2021,466,08,2021
B0,Bachilleres,08_2021,26489,08,2021
C1,CONALEP,08_2021,11894,08,2021
D4,UEMSTIS,08_2021,21629,08,2021
G2,Dirección General del Bachillerato,08_2021,1025,08,2021
I5,IPN,08_2021,33107,08,2021
M9,UAEM,08_2021,186,08,2021
NO,Desconocido,08_2021,112006,08,2021
S0,SE - COBAEM,08_2021,2344,08,2021
S1,SE - CONALEP ESTADO DE MÉXICO,08_2021,6163,08,2021
S2,SE - TELEBACHILLERATO,08_2021,591,08,2021
S4,SE - CBT,08_2021,5916,08,2021
S5,SE - CECYTEM,08_2021,4571,08,2021
S7,SE - P.O. (1),08_2021,11425,08,2021
S8,SE - P.O. (2),08_2021,9841,08,2021
T3,UEMSTAyCM CMM,08_2021,159,08,2021
U6,UNAM,08_2021,27535,08,2021
A3,UEMSTAyCM CBTA,09_2021,400,09,2021
B0,Bachilleres,09_2021,24371,09,2021
C1,CONALEP,09_2021,12049,09,2021
D4,UEMSTIS,09_2021,20797,09,2021
G2,Dirección General del Bachillerato,09_2021,916,09,2021
I5,IPN,09_2021,26751,09,2021
M9,UAEM,09_2021,142,09,2021
NO,Desconocido,09_2021,134098,09,2021
S0,SE - COBAEM,09_2021,1993,09,2021
S1,SE - CONALEP ESTADO DE MÉXICO,09_2021,5415,09,2021
S2,SE - TELEBACHILLERATO,09_2021,509,09,2021
S4,SE - CBT,09_2021,5017,09,2021
S5,SE - CECYTEM,09_2021,3719,09,2021
S7,SE - P.O. (1),09_2021,9563,09,2021
S8,SE - P.O. (2),09_2021,8376,09,2021
T3,UEMSTAyCM CMM,09_2021,150,09,2021
U6,UNAM,09_2021,21081,09,2021
A3,UEMSTAyCM CBTA,10_2021,446,10,2021
B0,Bachilleres,10_2021,21632,10,2021
C1,CONALEP,10_2021,12246,10,2021
D4,UEMSTIS,10_2021,19292,10,2021
G2,Dirección General del Bachillerato,10_2021,870,10,2021
I5,IPN,10_2021,21481,10,2021
M9,UAEM,10_2021,138,10,2021
NO,Desconocido,10_2021,152471,10,2021
S0,SE - COBAEM,10_2021,1827,10,2021
S1,SE - CONALEP ESTADO DE MÉXICO,10_2021,5044,10,2021
S2,SE - TELEBACHILLERATO,10_2021,542,10,2021
S4,SE - CBT,10_2021,4153,10,2021
S5,SE - CECYTEM,10_2021,3134,10,2021
S7,SE - P.O. (1),10_2021,7979,10,2021
S8,SE - P.O. (2),10_2021,7388,10,2021
T3,UEMSTAyCM CMM,10_2021,167,10,2021
U6,UNAM,10_2021,16537,10,2021
A3,UEMSTAyCM CBTA,11_2021,254,11,2021
B0,Bachilleres,11_2021,16096,11,2021
C1,CONALEP,11_2021,9167,11,2021
D4,UEMSTIS,11_2021,14599,11,2021
G2,Dirección General del Bachillerato,11_2021,554,11,2021
I5,IPN,11_2021,15073,11,2021
M9,UAEM,11_2021,87,11,2021
NO,Desconocido,11_2021,191782,11,2021
S0,SE - COBAEM,11_2021,974,11,2021
S1,SE - CONALEP ESTADO DE MÉXICO,11_2021,2875,11,2021
S2,SE - TELEBACHILLERATO,11_2021,232,11,2021
S4,SE - CBT,11_2021,2341,11,2021
S5,SE - CECYTEM,11_2021,1818,11,2021
S7,SE - P.O. (1),11_2021,4329,11,2021
S8,SE - P.O. (2),11_2021,4313,11,2021
T3,UEMSTAyCM CMM,11_2021,117,11,2021
U6,UNAM,11_2021,10736,11,2021
A3,UEMSTAyCM CBTA,12_2021,198,12,2021
B0,Bachilleres,12_2021,12868,12,2021
C1,CONALEP,12_2021,7821,12,2021
D4,UEMSTIS,12_2021,12017,12,2021
G2,Dirección General del Bachillerato,12_2021,465,12,2021
I5,IPN,12_2021,11378,12,2021
M9,UAEM,12_2021,46,12,2021
NO,Desconocido,12_2021,210364,12,2021
S0,SE - COBAEM,12_2021,723,12,2021
S1,SE - CONALEP ESTADO DE MÉXICO,12_2021,2051,12,2021
S2,SE - TELEBACHILLERATO,12_2021,190,12,2021
S4,SE - CBT,12_2021,1752,12,2021
S5,SE - CECYTEM,12_2021,1348,12,2021
S7,SE - P.O. (1),12_2021,3073,12,2021
S8,SE - P.O. (2),12_2021,3168,12,2021
T3,UEMSTAyCM CMM,12_2021,101,12,2021
U6,UNAM,12_2021,7784,12,2021
A3,UEMSTAyCM CBTA,13_2021,156,13,2021
B0,Bachilleres,13_2021,10043,13,2021
C1,CONALEP,13_2021,6708,13,2021
D4,UEMSTIS,13_2021,10064,13,2021
G2,Dirección General del Bachillerato,13_2021,402,13,2021
I5,IPN,13_2021,8642,13,2021
M9,UAEM,13_2021,42,13,2021
NO,Desconocido,13_2021,224015,13,2021
S0,SE - COBAEM,13_2021,565,13,2021
S1,SE - CONALEP ESTADO DE MÉXICO,13_2021,1602,13,2021
S2,SE - TELEBACHILLERATO,13_2021,152,13,2021
S4,SE - CBT,13_2021,1345,13,2021
S5,SE - CECYTEM,13_2021,948,13,2021
S7,SE - P.O. (1),13_2021,2250,13,2021
S8,SE - P.O. (2),13_2021,2484,13,2021
T3,UEMSTAyCM CMM,13_2021,125,13,2021
U6,UNAM,13_2021,5804,13,2021
A3,UEMSTAyCM CBTA,14_2021,151,14,2021
B0,Bachilleres,14_2021,8217,14,2021
C1,CONALEP,14_2021,5852,14,2021
D4,UEMSTIS,14_2021,8369,14,2021
G2,Dirección General del Bachillerato,14_2021,294,14,2021
I5,IPN,14_2021,6944,14,2021
M9,UAEM,14_2021,35,14,2021
NO,Desconocido,14_2021,233758,14,2021
S0,SE - COBAEM,14_2021,436,14,2021
S1,SE - CONALEP ESTADO DE MÉXICO,14_2021,1345,14,2021
S2,SE - TELEBACHILLERATO,14_2021,125,14,2021
S4,SE - CBT,14_2021,1097,14,2021
S5,SE - CECYTEM,14_2021,768,14,2021
S7,SE - P.O. (1),14_2021,1779,14,2021
S8,SE - P.O. (2),14_2021,2017,14,2021
T3,UEMSTAyCM CMM,14_2021,84,14,2021
U6,UNAM,14_2021,4076,14,2021
A3,UEMSTAyCM CBTA,15_2021,125,15,2021
B0,Bachilleres,15_2021,6641,15,2021
C1,CONALEP,15_2021,5172,15,2021
D4,UEMSTIS,15_2021,7123,15,2021
G2,Dirección General del Bachillerato,15_2021,299,15,2021
I5,IPN,15_2021,5637,15,2021
M9,UAEM,15_2021,20,15,2021
NO,Desconocido,15_2021,241440,15,2021
S0,SE - COBAEM,15_2021,401,15,2021
S1,SE - CONALEP ESTADO DE MÉXICO,15_2021,1114,15,2021
S2,SE - TELEBACHILLERATO,15_2021,110,15,2021
S4,SE - CBT,15_2021,824,15,2021
S5,SE - CECYTEM,15_2021,645,15,2021
S7,SE - P.O. (1),15_2021,1470,15,2021
S8,SE - P.O. (2),15_2021,1660,15,2021
T3,UEMSTAyCM CMM,15_2021,81,15,2021
U6,UNAM,15_2021,2585,15,2021
A3,UEMSTAyCM CBTA,16_2021,93,16,2021
B0,Bachilleres,16_2021,4946,16,2021
C1,CONALEP,16_2021,4141,16,2021
D4,UEMSTIS,16_2021,5743,16,2021
G2,Dirección General del Bachillerato,16_2021,197,16,2021
I5,IPN,16_2021,4038,16,2021
M9,UAEM,16_2021,12,16,2021
NO,Desconocido,16_2021,249686,16,2021
S0,SE - COBAEM,16_2021,274,16,2021
S1,SE - CONALEP ESTADO DE MÉXICO,16_2021,810,16,2021
S2,SE - TELEBACHILLERATO,16_2021,70,16,2021
S4,SE - CBT,16_2021,643,16,2021
S5,SE - CECYTEM,16_2021,467,16,2021
S7,SE - P.O. (1),16_2021,1030,16,2021
S8,SE - P.O. (2),16_2021,1245,16,2021
T3,UEMSTAyCM CMM,16_2021,64,16,2021
U6,UNAM,16_2021,1888,16,2021
A3,UEMSTAyCM CBTA,17_2021,70,17,2021
B0,Bachilleres,17_2021,3975,17,2021
C1,CONALEP,17_2021,3630,17,2021
D4,UEMSTIS,17_2021,4759,17,2021
G2,Dirección General del Bachillerato,17_2021,154,17,2021
I5,IPN,17_2021,3054,17,2021
M9,UAEM,17_2021,14,17,2021
NO,Desconocido,17_2021,254404,17,2021
S0,SE - COBAEM,17_2021,206,17,2021
S1,SE - CONALEP ESTADO DE MÉXICO,17_2021,684,17,2021
S2,SE - TELEBACHILLERATO,17_2021,77,17,2021
S4,SE - CBT,17_2021,528,17,2021
S5,SE - CECYTEM,17_2021,379,17,2021
S7,SE - P.O. (1),17_2021,833,17,2021
S8,SE - P.O. (2),17_2021,984,17,2021
T3,UEMSTAyCM CMM,17_2021,86,17,2021
U6,UNAM,17_2021,1510,17,2021
A3,UEMSTAyCM CBTA,18_2021,54,18,2021
B0,Bachilleres,18_2021,3187,18,2021
C1,CONALEP,18_2021,3327,18,2021
D4,UEMSTIS,18_2021,3952,18,2021
G2,Dirección General del Bachillerato,18_2021,118,18,2021
I5,IPN,18_2021,2297,18,2021
M9,UAEM,18_2021,15,18,2021
NO,Desconocido,18_2021,257907,18,2021
S0,SE - COBAEM,18_2021,206,18,2021
S1,SE - CONALEP ESTADO DE MÉXICO,18_2021,557,18,2021
S2,SE - TELEBACHILLERATO,18_2021,80,18,2021
S4,SE - CBT,18_2021,444,18,2021
S5,SE - CECYTEM,18_2021,311,18,2021
S7,SE - P.O. (1),18_2021,738,18,2021
S8,SE - P.O. (2),18_2021,866,18,2021
T3,UEMSTAyCM CMM,18_2021,60,18,2021
U6,UNAM,18_2021,1228,18,2021
A3,UEMSTAyCM CBTA,19_2021,69,19,2021
B0,Bachilleres,19_2021,2554,19,2021
C1,CONALEP,19_2021,3041,19,2021
D4,UEMSTIS,19_2021,3264,19,2021
G2,Dirección General del Bachillerato,19_2021,100,19,2021
I5,IPN,19_2021,1764,19,2021
M9,UAEM,19_2021,3,19,2021
NO,Desconocido,19_2021,260640,19,2021
S0,SE - COBAEM,19_2021,188,19,2021
S1,SE - CONALEP ESTADO DE MÉXICO,19_2021,545,19,2021
S2,SE - TELEBACHILLERATO,19_2021,57,19,2021
S4,SE - CBT,19_2021,390,19,2021
S5,SE - CECYTEM,19_2021,241,19,2021
S7,SE - P.O. (1),19_2021,611,19,2021
S8,SE - P.O. (2),19_2021,771,19,2021
T3,UEMSTAyCM CMM,19_2021,48,19,2021
U6,UNAM,19_2021,1061,19,2021
A3,UEMSTAyCM CBTA,20_2021,70,20,2021
B0,Bachilleres,20_2021,2061,20,2021
C1,CONALEP,20_2021,2684,20,2021
D4,UEMSTIS,20_2021,2723,20,2021
G2,Dirección General del Bachillerato,20_2021,93,20,2021
I5,IPN,20_2021,1440,20,2021
M9,UAEM,20_2021,15,20,2021
NO,Desconocido,20_2021,262687,20,2021
S0,SE - COBAEM,20_2021,156,20,2021
S1,SE - CONALEP ESTADO DE MÉXICO,20_2021,467,20,2021
S2,SE - TELEBACHILLERATO,20_2021,59,20,2021
S4,SE - CBT,20_2021,315,20,2021
S5,SE - CECYTEM,20_2021,232,20,2021
S7,SE - P.O. (1),20_2021,584,20,2021
S8,SE - P.O. (2),20_2021,738,20,2021
T3,UEMSTAyCM CMM,20_2021,82,20,2021
U6,UNAM,20_2021,941,20,2021
A3,UEMSTAyCM CBTA,01_2022,437,01,2022
B0,Bachilleres,01_2022,6805,01,2022
C1,CONALEP,01_2022,5267,01,2022
D4,UEMSTIS,01_2022,12706,01,2022
G2,Dirección General del Bachillerato,01_2022,433,01,2022
I5,IPN,01_2022,36022,01,2022
M9,UAEM,01_2022,1153,01,2022
NO,Desconocido,01_2022,0,01,2022
S0,SE - COBAEM,01_2022,3737,01,2022
S1,SE - CONALEP ESTADO DE MÉXICO,01_2022,8449,01,2022
S2,SE - TELEBACHILLERATO,01_2022,434,01,2022
S4,SE - CBT,01_2022,9699,01,2022
S5,SE - CECYTEM,01_2022,8655,01,2022
S7,SE - P.O. (1),01_2022,16865,01,2022
S8,SE - P.O. (2),01_2022,11821,01,2022
T3,UEMSTAyCM CMM,01_2022,51,01,2022
U6,UNAM,01_2022,160062,01,2022
A3,UEMSTAyCM CBTA,02_2022,426,02,2022
B0,Bachilleres,02_2022,10157,02,2022
C1,CONALEP,02_2022,6697,02,2022
D4,UEMSTIS,02_2022,14794,02,2022
G2,Dirección General del Bachillerato,02_2022,372,02,2022
I5,IPN,02_2022,35998,02,2022
M9,UAEM,02_2022,922,02,2022
NO,Desconocido,02_2022,860,02,2022
S0,SE - COBAEM,02_2022,3718,02,2022
S1,SE - CONALEP ESTADO DE MÉXICO,02_2022,9636,02,2022
S2,SE - TELEBACHILLERATO,02_2022,443,02,2022
S4,SE - CBT,02_2022,11803,02,2022
S5,SE - CECYTEM,02_2022,9814,02,2022
S7,SE - P.O. (1),02_2022,19276,02,2022
S8,SE - P.O. (2),02_2022,13454,02,2022
T3,UEMSTAyCM CMM,02_2022,56,02,2022
U6,UNAM,02_2022,144170,02,2022
A3,UEMSTAyCM CBTA,03_2022,516,03,2022
B0,Bachilleres,03_2022,15424,03,2022
C1,CONALEP,03_2022,7919,03,2022
D4,UEMSTIS,03_2022,17554,03,2022
G2,Dirección General del Bachillerato,03_2022,533,03,2022
I5,IPN,03_2022,39963,03,2022
M9,UAEM,03_2022,857,03,2022
NO,Desconocido,03_2022,3472,03,2022
S0,SE - COBAEM,03_2022,4166,03,2022
S1,SE - CONALEP ESTADO DE MÉXICO,03_2022,10339,03,2022
S2,SE - TELEBACHILLERATO,03_2022,582,03,2022
S4,SE - CBT,03_2022,12961,03,2022
S5,SE - CECYTEM,03_2022,10130,03,2022
S7,SE - P.O. (1),03_2022,21540,03,2022
S8,SE - P.O. (2),03_2022,15214,03,2022
T3,UEMSTAyCM CMM,03_2022,79,03,2022
U6,UNAM,03_2022,121347,03,2022
A3,UEMSTAyCM CBTA,04_2022,528,04,2022
B0,Bachilleres,04_2022,20388,04,2022
C1,CONALEP,04_2022,9195,04,2022
D4,UEMSTIS,04_2022,19848,04,2022
G2,Dirección General del Bachillerato,04_2022,792,04,2022
I5,IPN,04_2022,45559,04,2022
M9,UAEM,04_2022,586,04,2022
NO,Desconocido,04_2022,15617,04,2022
S0,SE - COBAEM,04_2022,4170,04,2022
S1,SE - CONALEP ESTADO DE MÉXICO,04_2022,10506,04,2022
S2,SE - TELEBACHILLERATO,04_2022,765,04,2022
S4,SE - CBT,04_2022,12479,04,2022
S5,SE - CECYTEM,04_2022,9587,04,2022
S7,SE - P.O. (1),04_2022,21843,04,2022
S8,SE - P.O. (2),04_2022,15609,04,2022
T3,UEMSTAyCM CMM,04_2022,110,04,2022
U6,UNAM,04_2022,95014,04,2022
A3,UEMSTAyCM CBTA,05_2022,560,05,2022
B0,Bachilleres,05_2022,24840,05,2022
C1,CONALEP,05_2022,10669,05,2022
D4,UEMSTIS,05_2022,21326,05,2022
G2,Dirección General del Bachillerato,05_2022,1042,05,2022
I5,IPN,05_2022,48657,05,2022
M9,UAEM,05_2022,387,05,2022
NO,Desconocido,05_2022,34334,05,2022
S0,SE - COBAEM,05_2022,3975,05,2022
S1,SE - CONALEP ESTADO DE MÉXICO,05_2022,10480,05,2022
S2,SE - TELEBACHILLERATO,05_2022,843,05,2022
S4,SE - CBT,05_2022,11350,05,2022
S5,SE - CECYTEM,05_2022,8497,05,2022
S7,SE - P.O. (1),05_2022,20525,05,2022
S8,SE - P.O. (2),05_2022,14968,05,2022
T3,UEMSTAyCM CMM,05_2022,136,05,2022
U6,UNAM,05_2022,70007,05,2022
A3,UEMSTAyCM CBTA,06_2022,528,06,2022
B0,Bachilleres,06_2022,27347,06,2022
C1,CONALEP,06_2022,11510,06,2022
D4,UEMSTIS,06_2022,22025,06,2022
G2,Dirección General del Bachillerato,06_2022,1111,06,2022
I5,IPN,06_2022,45115,06,2022
M9,UAEM,06_2022,275,06,2022
NO,Desconocido,06_2022,66451,06,2022
S0,SE - COBAEM,06_2022,3309,06,2022
S1,SE - CONALEP ESTADO DE MÉXICO,06_2022,8881,06,2022
S2,SE - TELEBACHILLERATO,06_2022,712,06,2022
S4,SE - CBT,06_2022,9123,06,2022
S5,SE - CECYTEM,06_2022,6898,06,2022
S7,SE - P.O. (1),06_2022,16397,06,2022
S8,SE - P.O. (2),06_2022,12612,06,2022
T3,UEMSTAyCM CMM,06_2022,136,06,2022
U6,UNAM,06_2022,50166,06,2022
A3,UEMSTAyCM CBTA,07_2022,462,07,2022
B0,Bachilleres,07_2022,27627,07,2022
C1,CONALEP,07_2022,12305,07,2022
D4,UEMSTIS,07_2022,22073,07,2022
G2,Dirección General del Bachillerato,07_2022,1151,07,2022
I5,IPN,07_2022,39115,07,2022
M9,UAEM,07_2022,225,07,2022
NO,Desconocido,07_2022,94792,07,2022
S0,SE - COBAEM,07_2022,2655,07,2022
S1,SE - CONALEP ESTADO DE MÉXICO,07_2022,7526,07,2022
S2,SE - TELEBACHILLERATO,07_2022,703,07,2022
S4,SE - CBT,07_2022,7398,07,2022
S5,SE - CECYTEM,07_2022,5685,07,2022
S7,SE - P.O. (1),07_2022,13388,07,2022
S8,SE - P.O. (2),07_2022,10903,07,2022
T3,UEMSTAyCM CMM,07_2022,131,07,2022
U6,UNAM,07_2022,36457,07,2022
A3,UEMSTAyCM CBTA,08_2022,471,08,2022
B0,Bachilleres,08_2022,26189,08,2022
C1,CONALEP,08_2022,12705,08,2022
D4,UEMSTIS,08_2022,21785,08,2022
G2,Dirección General del Bachillerato,08_2022,1032,08,2022
I5,IPN,08_2022,32846,08,2022
M9,UAEM,08_2022,177,08,2022
NO,Desconocido,08_2022,119736,08,2022
S0,SE - COBAEM,08_2022,2280,08,2022
S1,SE - CONALEP ESTADO DE MÉXICO,08_2022,6607,08,2022
S2,SE - TELEBACHILLERATO,08_2022,616,08,2022
S4,SE - CBT,08_2022,6127,08,2022
S5,SE - CECYTEM,08_2022,4595,08,2022
S7,SE - P.O. (1),08_2022,10986,08,2022
S8,SE - P.O. (2),08_2022,9433,08,2022
T3,UEMSTAyCM CMM,08_2022,161,08,2022
U6,UNAM,08_2022,26850,08,2022
A3,UEMSTAyCM CBTA,09_2022,416,09,2022
B0,Bachilleres,09_2022,23827,09,2022
C1,CONALEP,09_2022,13080,09,2022
D4,UEMSTIS,09_2022,20823,09,2022
G2,Dirección General del Bachillerato,09_2022,859,09,2022
I5,IPN,09_2022,26578,09,2022
M9,UAEM,09_2022,127,09,2022
NO,Desconocido,09_2022,141645,09,2022
S0,SE - COBAEM,09_2022,2029,09,2022
S1,SE - CONALEP ESTADO DE MÉXICO,09_2022,5799,09,2022
S2,SE - TELEBACHILLERATO,09_2022,568,09,2022
S4,SE - CBT,09_2022,5115,09,2022
S5,SE - CECYTEM,09_2022,3822,09,2022
S7,SE - P.O. (1),09_2022,9205,09,2022
S8,SE - P.O. (2),09_2022,8192,09,2022
T3,UEMSTAyCM CMM,09_2022,144,09,2022
U6,UNAM,09_2022,20367,09,2022
A3,UEMSTAyCM CBTA,10_2022,440,10,2022
B0,Bachilleres,10_2022,20881,10,2022
C1,CONALEP,10_2022,13115,10,2022
D4,UEMSTIS,10_2022,19408,10,2022
G2,Dirección General del Bachillerato,10_2022,732,10,2022
I5,IPN,10_2022,21404,10,2022
M9,UAEM,10_2022,126,10,2022
NO,Desconocido,10_2022,160221,10,2022
S0,SE - COBAEM,10_2022,1788,10,2022
S1,SE - CONALEP ESTADO DE MÉXICO,10_2022,5333,10,2022
S2,SE - TELEBACHILLERATO,10_2022,617,10,2022
S4,SE - CBT,10_2022,4285,10,2022
S5,SE - CECYTEM,10_2022,3241,10,2022
S7,SE - P.O. (1),10_2022,7590,10,2022
S8,SE - P.O. (2),10_2022,7325,10,2022
T3,UEMSTAyCM CMM,10_2022,168,10,2022
U6,UNAM,10_2022,15922,10,2022
A3,UEMSTAyCM CBTA,11_2022,263,11,2022
B0,Bachilleres,11_2022,15201,11,2022
C1,CONALEP,11_2022,9911,11,2022
D4,UEMSTIS,11_2022,14353,11,2022
G2,Dirección General del Bachillerato,11_2022,561,11,2022
I5,IPN,11_2022,15192,11,2022
M9,UAEM,11_2022,57,11,2022
NO,Desconocido,11_2022,199649,11,2022
S0,SE - COBAEM,11_2022,990,11,2022
S1,SE - CONALEP ESTADO DE MÉXICO,11_2022,3087,11,2022
S2,SE - TELEBACHILLERATO,11_2022,290,11,2022
S4,SE - CBT,11_2022,2389,11,2022
S5,SE - CECYTEM,11_2022,1833,11,2022
S7,SE - P.O. (1),11_2022,4081,11,2022
S8,SE - P.O. (2),11_2022,4328,11,2022
T3,UEMSTAyCM CMM,11_2022,129,11,2022
U6,UNAM,11_2022,10282,11,2022
A3,UEMSTAyCM CBTA,12_2022,207,12,2022
B0,Bachilleres,12_2022,11942,12,2022
C1,CONALEP,12_2022,8348,12,2022
D4,UEMSTIS,12_2022,11666,12,2022
G2,Dirección General del Bachillerato,12_2022,422,12,2022
I5,IPN,12_2022,11153,12,2022
M9,UAEM,12_2022,40,12,2022
NO,Desconocido,12_2022,219173,12,2022
S0,SE - COBAEM,12_2022,701,12,2022
S1,SE - CONALEP ESTADO DE MÉXICO,12_2022,2233,12,2022
S2,SE - TELEBACHILLERATO,12_2022,207,12,2022
S4,SE - CBT,12_2022,1720,12,2022
S5,SE - CECYTEM,12_2022,1243,12,2022
S7,SE - P.O. (1),12_2022,2763,12,2022
S8,SE - P.O. (2),12_2022,3178,12,2022
T3,UEMSTAyCM CMM,12_2022,116,12,2022
U6,UNAM,12_2022,7484,12,2022
A3,UEMSTAyCM CBTA,13_2022,169,13,2022
B0,Bachilleres,13_2022,9446,13,2022
C1,CONALEP,13_2022,7079,13,2022
D4,UEMSTIS,13_2022,9480,13,2022
G2,Dirección General del Bachillerato,13_2022,327,13,2022
I5,IPN,13_2022,8538,13,2022
M9,UAEM,13_2022,42,13,2022
NO,Desconocido,13_2022,232801,13,2022
S0,SE - COBAEM,13_2022,522,13,2022
S1,SE - CONALEP ESTADO DE MÉXICO,13_2022,1683,13,2022
S2,SE - TELEBACHILLERATO,13_2022,171,13,2022
S4,SE - CBT,13_2022,1316,13,2022
S5,SE - CECYTEM,13_2022,984,13,2022
S7,SE - P.O. (1),13_2022,2070,13,2022
S8,SE - P.O. (2),13_2022,2397,13,2022
T3,UEMSTAyCM CMM,13_2022,110,13,2022
U6,UNAM,13_2022,5461,13,2022
A3,UEMSTAyCM CBTA,14_2022,148,14,2022
B0,Bachilleres,14_2022,7632,14,2022
C1,CONALEP,14_2022,6080,14,2022
D4,UEMSTIS,14_2022,8153,14,2022
G2,Dirección General del Bachillerato,14_2022,275,14,2022
I5,IPN,14_2022,6824,14,2022
M9,UAEM,14_2022,29,14,2022
NO,Desconocido,14_2022,242123,14,2022
S0,SE - COBAEM,14_2022,435,14,2022
S1,SE - CONALEP ESTADO DE MÉXICO,14_2022,1419,14,2022
S2,SE - TELEBACHILLERATO,14_2022,144,14,2022
S4,SE - CBT,14_2022,1012,14,2022
S5,SE - CECYTEM,14_2022,832,14,2022
S7,SE - P.O. (1),14_2022,1653,14,2022
S8,SE - P.O. (2),14_2022,1899,14,2022
T3,UEMSTAyCM CMM,14_2022,84,14,2022
U6,UNAM,14_2022,3854,14,2022
A3,UEMSTAyCM CBTA,15_2022,124,15,2022
B0,Bachilleres,15_2022,6170,15,2022
C1,CONALEP,15_2022,5361,15,2022
D4,UEMSTIS,15_2022,6774,15,2022
G2,Dirección General del Bachillerato,15_2022,239,15,2022
I5,IPN,15_2022,5591,15,2022
M9,UAEM,15_2022,35,15,2022
NO,Desconocido,15_2022,249571,15,2022
S0,SE - COBAEM,15_2022,337,15,2022
S1,SE - CONALEP ESTADO DE MÉXICO,15_2022,1164,15,2022
S2,SE - TELEBACHILLERATO,15_2022,122,15,2022
S4,SE - CBT,15_2022,836,15,2022
S5,SE - CECYTEM,15_2022,671,15,2022
S7,SE - P.O. (1),15_2022,1333,15,2022
S8,SE - P.O. (2),15_2022,1652,15,2022
T3,UEMSTAyCM CMM,15_2022,70,15,2022
U6,UNAM,15_2022,2546,15,2022
A3,UEMSTAyCM CBTA,16_2022,88,16,2022
B0,Bachilleres,16_2022,4688,16,2022
C1,CONALEP,16_2022,4183,16,2022
D4,UEMSTIS,16_2022,5505,16,2022
G2,Dirección General del Bachillerato,16_2022,175,16,2022
I5,IPN,16_2022,3971,16,2022
M9,UAEM,16_2022,16,16,2022
NO,Desconocido,16_2022,257521,16,2022
S0,SE - COBAEM,16_2022,280,16,2022
S1,SE - CONALEP ESTADO DE MÉXICO,16_2022,878,16,2022
S2,SE - TELEBACHILLERATO,16_2022,78,16,2022
S4,SE - CBT,16_2022,637,16,2022
S5,SE - CECYTEM,16_2022,492,16,2022
S7,SE - P.O. (1),16_2022,943,16,2022
S8,SE - P.O. (2),16_2022,1180,16,2022
T3,UEMSTAyCM CMM,16_2022,69,16,2022
U6,UNAM,16_2022,1892,16,2022
A3,UEMSTAyCM CBTA,17_2022,82,17,2022
B0,Bachilleres,17_2022,3734,17,2022
C1,CONALEP,17_2022,3711,17,2022
D4,UEMSTIS,17_2022,4611,17,2022
G2,Dirección General del Bachillerato,17_2022,138,17,2022
I5,IPN,17_2022,3071,17,2022
M9,UAEM,17_2022,6,17,2022
NO,Desconocido,17_2022,261950,17,2022
S0,SE - COBAEM,17_2022,202,17,2022
S1,SE - CONALEP ESTADO DE MÉXICO,17_2022,756,17,2022
S2,SE - TELEBACHILLERATO,17_2022,79,17,2022
S4,SE - CBT,17_2022,497,17,2022
S5,SE - CECYTEM,17_2022,429,17,2022
S7,SE - P.O. (1),17_2022,797,17,2022
S8,SE - P.O. (2),17_2022,975,17,2022
T3,UEMSTAyCM CMM,17_2022,70,17,2022
U6,UNAM,17_2022,1488,17,2022
A3,UEMSTAyCM CBTA,18_2022,65,18,2022
B0,Bachilleres,18_2022,3106,18,2022
C1,CONALEP,18_2022,3392,18,2022
D4,UEMSTIS,18_2022,3891,18,2022
G2,Dirección General del Bachillerato,18_2022,131,18,2022
I5,IPN,18_2022,2347,18,2022
M9,UAEM,18_2022,8,18,2022
NO,Desconocido,18_2022,265138,18,2022
S0,SE - COBAEM,18_2022,175,18,2022
S1,SE - CONALEP ESTADO DE MÉXICO,18_2022,655,18,2022
S2,SE - TELEBACHILLERATO,18_2022,73,18,2022
S4,SE - CBT,18_2022,447,18,2022
S5,SE - CECYTEM,18_2022,341,18,2022
S7,SE - P.O. (1),18_2022,695,18,2022
S8,SE - P.O. (2),18_2022,855,18,2022
T3,UEMSTAyCM CMM,18_2022,51,18,2022
U6,UNAM,18_2022,1226,18,2022
A3,UEMSTAyCM CBTA,19_2022,69,19,2022
B0,Bachilleres,19_2022,2495,19,2022
C1,CONALEP,19_2022,3175,19,2022
D4,UEMSTIS,19_2022,3328,19,2022
G2,Dirección General del Bachillerato,19_2022,105,19,2022
I5,IPN,19_2022,1850,19,2022
M9,UAEM,19_2022,10,19,2022
NO,Desconocido,19_2022,267632,19,2022
S0,SE - COBAEM,19_2022,165,19,2022
S1,SE - CONALEP ESTADO DE MÉXICO,19_2022,589,19,2022
S2,SE - TELEBACHILLERATO,19_2022,72,19,2022
S4,SE - CBT,19_2022,368,19,2022
S5,SE - CECYTEM,19_2022,283,19,2022
S7,SE - P.O. (1),19_2022,640,19,2022
S8,SE - P.O. (2),19_2022,742,19,2022
T3,UEMSTAyCM CMM,19_2022,52,19,2022
U6,UNAM,19_2022,1021,19,2022
A3,UEMSTAyCM CBTA,20_2022,87,20,2022
B0,Bachilleres,20_2022,2043,20,2022
C1,CONALEP,20_2022,2949,20,2022
D4,UEMSTIS,20_2022,2761,20,2022
G2,Dirección General del Bachillerato,20_2022,108,20,2022
I5,IPN,20_2022,1499,20,2022
M9,UAEM,20_2022,10,20,2022
NO,Desconocido,20_2022,269544,20,2022
S0,SE - COBAEM,20_2022,174,20,2022
S1,SE - CONALEP ESTADO DE MÉXICO,20_2022,539,20,2022
S2,SE - TELEBACHILLERATO,20_2022,64,20,2022
S4,SE - CBT,20_2022,324,20,2022
S5,SE - CECYTEM,20_2022,224,20,2022
S7,SE - P.O. (1),20_2022,555,20,2022
S8,SE - P.O. (2),20_2022,671,20,2022
T3,UEMSTAyCM CMM,20_2022,65,20,2022
U6,UNAM,20_2022,979,20,2022
A3,UEMSTAyCM CBTA,01_2023,499,01,2023
B0,Bachilleres,01_2023,7185,01,2023
C1,CONALEP,01_2023,5049,01,2023
D4,UEMSTIS,01_2023,12309,01,2023
G2,Dirección General del Bachillerato,01_2023,402,01,2023
I5,IPN,01_2023,33731,01,2023
M9,UAEM,01_2023,1172,01,2023
NO,Desconocido,01_2023,0,01,2023
S0,SE - COBAEM,01_2023,3785,01,2023
S1,SE - CONALEP ESTADO DE MÉXICO,01_2023,8544,01,2023
S2,SE - TELEBACHILLERATO,01_2023,512,01,2023
S4,SE - CBT,01_2023,9626,01,2023
S5,SE - CECYTEM,01_2023,8025,01,2023
S7,SE - P.O. (1),01_2023,16509,01,2023
S8,SE - P.O. (2),01_2023,11590,01,2023
T3,UEMSTAyCM CMM,01_2023,48,01,2023
U6,UNAM,01_2023,167586,01,2023
A3,UEMSTAyCM CBTA,02_2023,466,02,2023
B0,Bachilleres,02_2023,10669,02,2023
C1,CONALEP,02_2023,6664,02,2023
D4,UEMSTIS,02_2023,14244,02,2023
G2,Dirección General del Bachillerato,02_2023,410,02,2023
I5,IPN,02_2023,34836,02,2023
M9,UAEM,02_2023,978,02,2023
NO,Desconocido,02_2023,1088,02,2023
S0,SE - COBAEM,02_2023,3982,02,2023
S1,SE - CONALEP ESTADO DE MÉXICO,02_2023,9488,02,2023
S2,SE - TELEBACHILLERATO,02_2023,415,02,2023
S4,SE - CBT,02_2023,11845,02,2023
S5,SE - CECYTEM,02_2023,9345,02,2023
S7,SE - P.O. (1),02_2023,18763,02,2023
S8,SE - P.O. (2),02_2023,13392,02,2023
T3,UEMSTAyCM CMM,02_2023,53,02,2023
U6,UNAM,02_2023,149934,02,2023
A3,UEMSTAyCM CBTA,03_2023,534,03,2023
B0,Bachilleres,03_2023,16223,03,2023
C1,CONALEP,03_2023,7871,03,2023
D4,UEMSTIS,03_2023,17442,03,2023
G2,Dirección General del Bachillerato,03_2023,550,03,2023
I5,IPN,03_2023,39356,03,2023
M9,UAEM,03_2023,864,03,2023
NO,Desconocido,03_2023,3958,03,2023
S0,SE - COBAEM,03_2023,4220,03,2023
S1,SE - CONALEP ESTADO DE MÉXICO,03_2023,10452,03,2023
S2,SE - TELEBACHILLERATO,03_2023,581,03,2023
S4,SE - CBT,03_2023,12999,03,2023
S5,SE - CECYTEM,03_2023,9745,03,2023
S7,SE - P.O. (1),03_2023,21016,03,2023
S8,SE - P.O. (2),03_2023,15257,03,2023
T3,UEMSTAyCM CMM,03_2023,65,03,2023
U6,UNAM,03_2023,125439,03,2023
A3,UEMSTAyCM CBTA,04_2023,626,04,2023
B0,Bachilleres,04_2023,21352,04,2023
C1,CONALEP,04_2023,9424,04,2023
D4,UEMSTIS,04_2023,19822,04,2023
G2,Dirección General del Bachillerato,04_2023,775,04,2023
I5,IPN,04_2023,45456,04,2023
M9,UAEM,04_2023,606,04,2023
NO,Desconocido,04_2023,16306,04,2023
S0,SE - COBAEM,04_2023,4304,04,2023
S1,SE - CONALEP ESTADO DE MÉXICO,04_2023,10854,04,2023
S2,SE - TELEBACHILLERATO,04_2023,707,04,2023
S4,SE - CBT,04_2023,12302,04,2023
S5,SE - CECYTEM,04_2023,9320,04,2023
S7,SE - P.O. (1),04_2023,21382,04,2023
S8,SE - P.O. (2),04_2023,15694,04,2023
T3,UEMSTAyCM CMM,04_2023,81,04,2023
U6,UNAM,04_2023,97561,04,2023
A3,UEMSTAyCM CBTA,05_2023,610,05,2023
B0,Bachilleres,05_2023,26208,05,2023
C1,CONALEP,05_2023,11035,05,2023
D4,UEMSTIS,05_2023,21562,05,2023
G2,Dirección General del Bachillerato,05_2023,1066,05,2023
I5,IPN,05_2023,49529,05,2023
M9,UAEM,05_2023,430,05,2023
NO,Desconocido,05_2023,35476,05,2023
S0,SE - COBAEM,05_2023,3918,05,2023
S1,SE - CONALEP ESTADO DE MÉXICO,05_2023,10805,05,2023
S2,SE - TELEBACHILLERATO,05_2023,795,05,2023
S4,SE - CBT,05_2023,11310,05,2023
S5,SE - CECYTEM,05_2023,8407,05,2023
S7,SE - P.O. (1),05_2023,19953,05,2023
S8,SE - P.O. (2),05_2023,14932,05,2023
T3,UEMSTAyCM CMM,05_2023,92,05,2023
U6,UNAM,05_2023,70444,05,2023
A3,UEMSTAyCM CBTA,06_2023,530,06,2023
B0,Bachilleres,06_2023,28945,06,2023
C1,CONALEP,06_2023,12049,06,2023
D4,UEMSTIS,06_2023,22448,06,2023
G2,Dirección General del Bachillerato,06_2023,1065,06,2023
I5,IPN,06_2023,45879,06,2023
M9,UAEM,06_2023,281,06,2023
NO,Desconocido,06_2023,67951,06,2023
S0,SE - COBAEM,06_2023,3314,06,2023
S1,SE - CONALEP ESTADO DE MÉXICO,06_2023,9102,06,2023
S2,SE - TELEBACHILLERATO,06_2023,697,06,2023
S4,SE - CBT,06_2023,9145,06,2023
S5,SE - CECYTEM,06_2023,6916,06,2023
S7,SE - P.O. (1),06_2023,16053,06,2023
S8,SE - P.O. (2),06_2023,12698,06,2023
T3,UEMSTAyCM CMM,06_2023,135,06,2023
U6,UNAM,06_2023,49364,06,2023
A3,UEMSTAyCM CBTA,07_2023,501,07,2023
B0,Bachilleres,07_2023,28974,07,2023
C1,CONALEP,07_2023,12867,07,2023
D4,UEMSTIS,07_2023,22336,07,2023
G2,Dirección General del Bachillerato,07_2023,1108,07,2023
I5,IPN,07_2023,39506,07,2023
M9,UAEM,07_2023,226,07,2023
NO,Desconocido,07_2023,97704,07,2023
S0,SE - COBAEM,07_2023,2764,07,2023
S1,SE - CONALEP ESTADO DE MÉXICO,07_2023,7770,07,2023
S2,SE - TELEBACHILLERATO,07_2023,612,07,2023
S4,SE - CBT,07_2023,7163,07,2023
S5,SE - CECYTEM,07_2023,5540,07,2023
S7,SE - P.O. (1),07_2023,12810,07,2023
S8,SE - P.O. (2),07_2023,11018,07,2023
T3,UEMSTAyCM CMM,07_2023,126,07,2023
U6,UNAM,07_2023,35547,07,2023
A3,UEMSTAyCM CBTA,08_2023,436,08,2023
B0,Bachilleres,08_2023,27066,08,2023
C1,CONALEP,08_2023,13489,08,2023
D4,UEMSTIS,08_2023,22088,08,2023
G2,Dirección General del Bachillerato,08_2023,958,08,2023
I5,IPN,08_2023,33047,08,2023
M9,UAEM,08_2023,175,08,2023
NO,Desconocido,08_2023,123791,08,2023
S0,SE - COBAEM,08_2023,2174,08,2023
S1,SE - CONALEP ESTADO DE MÉXICO,08_2023,6752,08,2023
S2,SE - TELEBACHILLERATO,08_2023,608,08,2023
S4,SE - CBT,08_2023,5918,08,2023
S5,SE - CECYTEM,08_2023,4404,08,2023
S7,SE - P.O. (1),08_2023,10433,08,2023
S8,SE - P.O. (2),08_2023,9156,08,2023
T3,UEMSTAyCM CMM,08_2023,145,08,2023
U6,UNAM,08_2023,25932,08,2023
A3,UEMSTAyCM CBTA,09_2023,411,09,2023
B0,Bachilleres,09_2023,24561,09,2023
C1,CONALEP,09_2023,13873,09,2023
D4,UEMSTIS,09_2023,20882,09,2023
G2,Dirección General del Bachillerato,09_2023,808,09,2023
I5,IPN,09_2023,26426,09,2023
M9,UAEM,09_2023,124,09,2023
NO,Desconocido,09_2023,147015,09,2023
S0,SE - COBAEM,09_2023,1903,09,2023
S1,SE - CONALEP ESTADO DE MÉXICO,09_2023,5773,09,2023
S2,SE - TELEBACHILLERATO,09_2023,559,09,2023
S4,SE - CBT,09_2023,4963,09,2023
S5,SE - CECYTEM,09_2023,3568,09,2023
S7,SE - P.O. (1),09_2023,8371,09,2023
S8,SE - P.O. (2),09_2023,7889,09,2023
T3,UEMSTAyCM CMM,09_2023,134,09,2023
U6,UNAM,09_2023,19312,09,2023
A3,UEMSTAyCM CBTA,10_2023,439,10,2023
B0,Bachilleres,10_2023,21408,10,2023
C1,CONALEP,10_2023,13598,10,2023
D4,UEMSTIS,10_2023,19905,10,2023
G2,Dirección General del Bachillerato,10_2023,758,10,2023
I5,IPN,10_2023,21095,10,2023
M9,UAEM,10_2023,107,10,2023
NO,Desconocido,10_2023,166218,10,2023
S0,SE - COBAEM,10_2023,1702,10,2023
S1,SE - CONALEP ESTADO DE MÉXICO,10_2023,5143,10,2023
S2,SE - TELEBACHILLERATO,10_2023,566,10,2023
S4,SE - CBT,10_2023,4085,10,2023
S5,SE - CECYTEM,10_2023,2982,10,2023
S7,SE - P.O. (1),10_2023,6811,10,2023
S8,SE - P.O. (2),10_2023,6809,10,2023
T3,UEMSTAyCM CMM,10_2023,133,10,2023
U6,UNAM,10_2023,14813,10,2023
A3,UEMSTAyCM CBTA,11_2023,268,11,2023
B0,Bachilleres,11_2023,15823,11,2023
C1,CONALEP,11_2023,10412,11,2023
D4,UEMSTIS,11_2023,14698,11,2023
G2,Dirección General del Bachillerato,11_2023,536,11,2023
I5,IPN,11_2023,14555,11,2023
M9,UAEM,11_2023,52,11,2023
NO,Desconocido,11_2023,204014,11,2023
S0,SE - COBAEM,11_2023,964,11,2023
S1,SE - CONALEP ESTADO DE MÉXICO,11_2023,3088,11,2023
S2,SE - TELEBACHILLERATO,11_2023,270,11,2023
S4,SE - CBT,11_2023,2387,11,2023
S5,SE - CECYTEM,11_2023,1794,11,2023
S7,SE - P.O. (1),11_2023,3710,11,2023
S8,SE - P.O. (2),11_2023,4153,11,2023
T3,UEMSTAyCM CMM,11_2023,116,11,2023
U6,UNAM,11_2023,9732,11,2023
A3,UEMSTAyCM CBTA,12_2023,209,12,2023
B0,Bachilleres,12_2023,12425,12,2023
C1,CONALEP,12_2023,8805,12,2023
D4,UEMSTIS,12_2023,12142,12,2023
G2,Dirección General del Bachillerato,12_2023,401,12,2023
I5,IPN,12_2023,10887,12,2023
M9,UAEM,12_2023,41,12,2023
NO,Desconocido,12_2023,222782,12,2023
S0,SE - COBAEM,12_2023,697,12,2023
S1,SE - CONALEP ESTADO DE MÉXICO,12_2023,2307,12,2023
S2,SE - TELEBACHILLERATO,12_2023,171,12,2023
S4,SE - CBT,12_2023,1678,12,2023
S5,SE - CECYTEM,12_2023,1319,12,2023
S7,SE - P.O. (1),12_2023,2525,12,2023
S8,SE - P.O. (2),12_2023,2971,12,2023
T3,UEMSTAyCM CMM,12_2023,116,12,2023
U6,UNAM,12_2023,7096,12,2023
A3,UEMSTAyCM CBTA,13_2023,146,13,2023
B0,Bachilleres,13_2023,9598,13,2023
C1,CONALEP,13_2023,7573,13,2023
D4,UEMSTIS,13_2023,10224,13,2023
G2,Dirección General del Bachillerato,13_2023,298,13,2023
I5,IPN,13_2023,8181,13,2023
M9,UAEM,13_2023,35,13,2023
NO,Desconocido,13_2023,236452,13,2023
S0,SE - COBAEM,13_2023,517,13,2023
S1,SE - CONALEP ESTADO DE MÉXICO,13_2023,1714,13,2023
S2,SE - TELEBACHILLERATO,13_2023,163,13,2023
S4,SE - CBT,13_2023,1267,13,2023
S5,SE - CECYTEM,13_2023,977,13,2023
S7,SE - P.O. (1),13_2023,1843,13,2023
S8,SE - P.O. (2),13_2023,2231,13,2023
T3,UEMSTAyCM CMM,13_2023,83,13,2023
U6,UNAM,13_2023,5270,13,2023
A3,UEMSTAyCM CBTA,14_2023,132,14,2023
B0,Bachilleres,14_2023,7622,14,2023
C1,CONALEP,14_2023,6444,14,2023
D4,UEMSTIS,14_2023,8664,14,2023
G2,Dirección General del Bachillerato,14_2023,234,14,2023
I5,IPN,14_2023,6575,14,2023
M9,UAEM,14_2023,35,14,2023
NO,Desconocido,14_2023,245862,14,2023
S0,SE - COBAEM,14_2023,416,14,2023
S1,SE - CONALEP ESTADO DE MÉXICO,14_2023,1483,14,2023
S2,SE - TELEBACHILLERATO,14_2023,136,14,2023
S4,SE - CBT,14_2023,1042,14,2023
S5,SE - CECYTEM,14_2023,758,14,2023
S7,SE - P.O. (1),14_2023,1477,14,2023
S8,SE - P.O. (2),14_2023,1818,14,2023
T3,UEMSTAyCM CMM,14_2023,87,14,2023
U6,UNAM,14_2023,3787,14,2023
A3,UEMSTAyCM CBTA,15_2023,136,15,2023
B0,Bachilleres,15_2023,6196,15,2023
C1,CONALEP,15_2023,5689,15,2023
D4,UEMSTIS,15_2023,7102,15,2023
G2,Dirección General del Bachillerato,15_2023,189,15,2023
I5,IPN,15_2023,5392,15,2023
M9,UAEM,15_2023,30,15,2023
NO,Desconocido,15_2023,253404,15,2023
S0,SE - COBAEM,15_2023,378,15,2023
S1,SE - CONALEP ESTADO DE MÉXICO,15_2023,1188,15,2023
S2,SE - TELEBACHILLERATO,15_2023,109,15,2023
S4,SE - CBT,15_2023,884,15,2023
S5,SE - CECYTEM,15_2023,611,15,2023
S7,SE - P.O. (1),15_2023,1204,15,2023
S8,SE - P.O. (2),15_2023,1577,15,2023
T3,UEMSTAyCM CMM,15_2023,95,15,2023
U6,UNAM,15_2023,2388,15,2023
A3,UEMSTAyCM CBTA,16_2023,107,16,2023
B0,Bachilleres,16_2023,4651,16,2023
C1,CONALEP,16_2023,4605,16,2023
D4,UEMSTIS,16_2023,5619,16,2023
G2,Dirección General del Bachillerato,16_2023,167,16,2023
I5,IPN,16_2023,3904,16,2023
M9,UAEM,16_2023,19,16,2023
NO,Desconocido,16_2023,261289,16,2023
S0,SE - COBAEM,16_2023,270,16,2023
S1,SE - CONALEP ESTADO DE MÉXICO,16_2023,905,16,2023
S2,SE - TELEBACHILLERATO,16_2023,95,16,2023
S4,SE - CBT,16_2023,649,16,2023
S5,SE - CECYTEM,16_2023,455,16,2023
S7,SE - P.O. (1),16_2023,859,16,2023
S8,SE - P.O. (2),16_2023,1119,16,2023
T3,UEMSTAyCM CMM,16_2023,57,16,2023
U6,UNAM,16_2023,1802,16,2023
A3,UEMSTAyCM CBTA,17_2023,81,17,2023
B0,Bachilleres,17_2023,3751,17,2023
C1,CONALEP,17_2023,3975,17,2023
D4,UEMSTIS,17_2023,4636,17,2023
G2,Dirección General del Bachillerato,17_2023,141,17,2023
I5,IPN,17_2023,3008,17,2023
M9,UAEM,17_2023,16,17,2023
NO,Desconocido,17_2023,265846,17,2023
S0,SE - COBAEM,17_2023,225,17,2023
S1,SE - CONALEP ESTADO DE MÉXICO,17_2023,762,17,2023
S2,SE - TELEBACHILLERATO,17_2023,81,17,2023
S4,SE - CBT,17_2023,513,17,2023
S5,SE - CECYTEM,17_2023,370,17,2023
S7,SE - P.O. (1),17_2023,730,17,2023
S8,SE - P.O. (2),17_2023,957,17,2023
T3,UEMSTAyCM CMM,17_2023,61,17,2023
U6,UNAM,17_2023,1419,17,2023
A3,UEMSTAyCM CBTA,18_2023,79,18,2023
B0,Bachilleres,18_2023,3113,18,2023
C1,CONALEP,18_2023,3522,18,2023
D4,UEMSTIS,18_2023,3902,18,2023
G2,Dirección General del Bachillerato,18_2023,91,18,2023
I5,IPN,18_2023,2320,18,2023
M9,UAEM,18_2023,15,18,2023
NO,Desconocido,18_2023,269126,18,2023
S0,SE - COBAEM,18_2023,201,18,2023
S1,SE - CONALEP ESTADO DE MÉXICO,18_2023,632,18,2023
S2,SE - TELEBACHILLERATO,18_2023,75,18,2023
S4,SE - CBT,18_2023,495,18,2023
S5,SE - CECYTEM,18_2023,308,18,2023
S7,SE - P.O. (1),18_2023,607,18,2023
S8,SE - P.O. (2),18_2023,831,18,2023
T3,UEMSTAyCM CMM,18_2023,64,18,2023
U6,UNAM,18_2023,1191,18,2023
A3,UEMSTAyCM CBTA,19_2023,70,19,2023
B0,Bachilleres,19_2023,2565,19,2023
C1,CONALEP,19_2023,3237,19,2023
D4,UEMSTIS,19_2023,3232,19,2023
G2,Dirección General del Bachillerato,19_2023,93,19,2023
I5,IPN,19_2023,1774,19,2023
M9,UAEM,19_2023,10,19,2023
NO,Desconocido,19_2023,271844,19,2023
S0,SE - COBAEM,19_2023,157,19,2023
S1,SE - CONALEP ESTADO DE MÉXICO,19_2023,520,19,2023
S2,SE - TELEBACHILLERATO,19_2023,76,19,2023
S4,SE - CBT,19_2023,410,19,2023
S5,SE - CECYTEM,19_2023,291,19,2023
S7,SE - P.O. (1),19_2023,550,19,2023
S8,SE - P.O. (2),19_2023,678,19,2023
T3,UEMSTAyCM CMM,19_2023,38,19,2023
U6,UNAM,19_2023,1027,19,2023
A3,UEMSTAyCM CBTA,20_2023,78,20,2023
B0,Bachilleres,20_2023,2018,20,2023
C1,CONALEP,20_2023,2868,20,2023
D4,UEMSTIS,20_2023,2711,20,2023
G2,Dirección General del Bachillerato,20_2023,90,20,2023
I5,IPN,20_2023,1483,20,2023
M9,UAEM,20_2023,10,20,2023
NO,Desconocido,20_2023,273846,20,2023
S0,SE - COBAEM,20_2023,136,20,2023
S1,SE - CONALEP ESTADO DE MÉXICO,20_2023,536,20,2023
S2,SE - TELEBACHILLERATO,20_2023,77,20,2023
S4,SE - CBT,20_2023,335,20,2023
S5,SE - CECYTEM,20_2023,229,20,2023
S7,SE - P.O. (1),20_2023,499,20,2023
S8,SE - P.O. (2),20_2023,636,20,2023
T3,UEMSTAyCM CMM,20_2023,83,20,2023
U6,UNAM,20_2023,937,20,2023
